id,url,base_personality,life_tendency,female_feature,male_feature,love_tendency
1,https://unkoi.com/article/animal_wolf1/,"クールでさっぱりとした性格の持ち主で、マイペースなタイプ。細かいことは気にしません。
誰とでもオープンに付き合いますが、ベタベタとした馴れ合いは苦手です。集団行動やグループで群れるぐらいなら1人でいたいと望みます。
人に媚びたり、相手によって態度を変えたりすることはなく、常に裏表なく真っ直ぐに接します。人付き合いも上手ですが、1人でいるのが好きで、自由な時間を好みます。
また、自分なりの信念をしっかりと持っている人です。自信に溢れていて、周りに何を言われようとこうと決めたら強い意志を持って物事に取り組みます。
安易に人に頼ることはなく、何をするにも自分で考え自分で行動していきます。","自分1人の時間も人付き合いも両立させられる人です。人に流されて思うようにできないといったことはありません。
人に合わせるのは苦手ですが、うまく人付き合いをして人脈を築くことができます。そのため、必要な時に手を差し伸べてくれる人もいて、困難を乗り越えたり、引き立ててもらえたりできるはず。
基本的に人には頼らず、自分の信じる道をひたすら突き進んでいく人生を歩みます。
人と同じことをするのは苦手で、独自の人生を切り開いていきます。ユニークな発想にも恵まれているため、人とは違った方法で人生を好転させていくはずです。","誰とでもさっぱり付き合うオープンなタイプ。裏表がなく、誰にでも素直に接します。
誰ともベタベタ付き合うことはない代わり、人に対する好き嫌いもありません。社交的で人とはうまく付き合っていけますが、密な繋がりは好まず、特定の人と群れるようなことはありません。
また、強い個性があり、人とは違った生活や人生を求めています。変わった職業や変わった生き方をして、人と比べることなく自分の人生を満喫しています。
周りの目を気にしたりせず、自分にしかできない生き方を追求しているのです。","正義感の強さが特徴です。相手が間違っていると思ったら、どんな親友であろうと上司であろうと、ハッキリと言います。
納得がいかないことをそのままにしておくことは決してできません。問題が解決するまで、解決策を模索したり、行動を続けたりするのです。
自分や家族、友達のことはもちろん、SNSなどで見かけた何の繋がりもない他人であっても、理不尽なことに悩んでいれば、口出しせずにはいられないところがあります。
世話焼きというよりは、曲がったことが大嫌いで、許せないと感じると行動を起こしたくなるのです。","とても一途で、ぶれることのない愛を捧げる傾向が見られます。
自分なりの理想の恋があり、それにバッチリ当てはまる相手に恋をします。そして一度愛すると気持ちが変わることはそうそうありません。
基本的には、恋愛に人生を振り回されたくないという気持ちがあります。そのため、どんなに好きな相手でも夢中になりすぎて周りが見えなくなるようなことはありません。
モテるタイプですが、恋に選ぶ相手は個性が強かったり、変わり者だったりと、他にないものを持つ人で、唯一無二の個性に惹かれるところがあります。
また、お互いのやりたいことを尊重し合える相手とのお付き合いを望みます。そして、お付き合いしても、恋と人生を両立させようとします。"
2,https://unkoi.com/article/animal_wolf2/,"芯があり強い独自性を備えた性格の持ち主です。自分なりの価値観や考え方をしっかりと持っていて、それに従って生きているのです。
他の人と同じことをするのは苦手で、自分にしかできない考え方や生き方を追求していきます。
お人好しで世話好きな一面があり、人に対してはとても親切です。周りからはクールな印象を持たれがちですが、内面には優しく愛情深い一面を持っています。
人見知りで初対面の人にはちょっと素気なくなってしまうことも。最初はとっつきにくそうと思われますが、仲良くなればガラリと違う印象を持たれます。
案外ユーモアのセンスがあり、周りを楽しませるのが上手です。深く知るほどに、人の心を虜にしていきます。","たくさんの体験をしてみたいと望んでいます。
あれもこれもと、様々な分野や体験に触れ、自分を成長させていきます。どんな場や分野でも卒なくこなせる柔軟性や器用さがあります。
一方で、少々飽きっぽいところがあり、なかなか1つを続けることができません。多くの体験を経て、時間をかけて自分の身の置き所を見つけていきます。
大器晩成型で、最後には自分らしく生きられる道を見出し、成功できるはずです。人に流されたり、影響を受けすぎたりするようなことはなく、自分の道は自分で開拓していきます。","カリスマ性を備えていて、人とは違った雰囲気やオーラを持っています。自然と周りの注目を集めます。
凛としていて、周りと比べることなく自分だけの生き方を追求しようとします。自分なりの信念をしっかりと持ち、迷うことなく自分を信じてやり遂げます。
人に合わせるのが苦手で、何をするにも1人でやりたがります。自分で考え、自分で行動したいと望むのです。
人に媚びない姿勢が、周りの目には少々とっつきにくく見えることもあります。ですが、内面はとてもユニークで明るい女性なのです。","独特の世界観や価値観を持っています。自分だけの世界をしっかりと持っていて、周りに影響されることはありません。
自分の信じる道をひたすら貫き、突き進んでいきます。
一方、飽きっぽいところがあり、粘り強さには少々欠ける一面も。気持ちのままに動き、なかなか1つの場に定着しません。
それでも、あれこれと足掻くうちに、やがては自分が輝く場所を見つけ、最後には成功を掴める人です。
クールに見えて、案外お人好しなところが魅力的です。困っている人は放っておけず、損をしてでも手を差し伸べます。","心から楽しめるかどうかを重視する傾向があります。
将来のことや価値観などは二の次で、今を一緒に楽しめる人であることが大事なのです。見た目や条件面は関係なく、直感やフィーリングで相手を選びます。一緒にいて何となく楽しい、居心地良いと感じたら、そのまま恋に落ちることも。
普段はクールでも、好きな相手にはきちんと愛情を示していきます。そんなところに誠実さを感じて、受け入れてもらえることが多いため、モテやすいといえます。
恋をすると、お互いの自由を尊重し、束縛はしません。恋もやりたいことも、両方を大切にしていきたいという思いがあります。そして、相手にも同じように尊重してくれることを求めます。"
3,https://unkoi.com/article/animal_wolf3/,"愛嬌があって周りから愛されやすい性格です。誰とでも打ち解けることができます。さっぱりとして細かいことにこだわりません。
ユーモアのセンスもあり、周りを楽しませることができます。自然と場の中心的存在になりやすく、注目されます。
少々お人好しで、人から頼まれると断れません。相手のために精一杯尽くし、最後まで手を差し伸べます。常に周りを気づかい、思いやる心も持っています。
また、知的好奇心が旺盛で、知識や経験をどんどんと積み重ねていけます。1つの道をひたすら追求していく探究心に溢れた一面も。
そして、地道に努力を重ねていき、特定の分野において大きな結果を上げられるのです。","人に流されず自分のペースで生きる傾向があります。
人と比べることなく、自分なりの価値観を追求します。何をするにも自分で考え、自分で決めます。そのため、失敗しても後悔がありません。常に自信たっぷりに人生を切り開いていき、何があろうと受け入れます。
マイペースながらも、周りの人たちをしっかりと尊重できるため、周りからも大切にされます。必要な時には周りから援助の手が差し伸べられ、本当の困難に陥ることはありません。いざという場面では、助けたり助けられたりしながら乗り切っていけます。","個性豊かなのが特徴です。
常に自分自身と向き合い、人と比べず自分のやりたいことを追求します。ハマるととことん夢中になり、周りが見えなくなるほど、のめり込みます。
あまり周りとベタベタとした付き合いは好みません。必要以上の付き合いをするぐらいなら、1人で過ごしたいと望みます。
また、高い知性を備えていて、優れた観察眼と洞察力を持って物事を判断します。
誰かの意見に流されず、常に自分で考えて行動できる、芯の強さを備えています。とても努力家で、こうと決めたら迷いなく突き進みます。","ユーモア溢れる一面を持っています。
どんな状況でも楽しむことができるため、落ち込んだりストレスを抱えたりといったことがあまりありません。
マイペースですが、ちゃんと周りのことも見て動ける人です。気づかい上手で少々お人好しなところもあります。とても親しみやすく、周りからは付き合いやすい人だと慕われます。
多くの人から愛されていて、華やかな人間関係を築きます。だけど当の本人は、自分の時間を大事にしたがります。人付き合いはほどほどで、必要以上の関係は築こうとはしないはずです。","好きな人ができると、一途に愛し抜くタイプです。
愛情表現が豊かで、好きな気持ちを隠しておけません。駆け引きなど一切なく、真っ直ぐに想いを伝えてイエスかノーかハッキリさせたがります。
恋人とはいつも楽しい刺激のあるデートをしたいと望んでいます。一緒に素敵な体験をして、想いを通わせていきたいのです。
恋をしても、自分の時間も大事にしたがるため、ベタベタとした付き合いは苦手。それぞれの人生を尊重しながら、恋も大切にしていきたいのです。
お互いに無理なく、それぞれのペースで恋を楽しんでいける付き合いを求めています。相手のことは心から大事にするものの、恋愛だけに人生を振り回されたくはないのです。"
4,https://unkoi.com/article/animal_wolf4/,"優しく愛情深い性格の持ち主です。一見するとどこか近寄りがたい雰囲気がありますが、話せば優しく穏やかです。
真面目な性格で、自分のやるべきことや任されたことは責任を持ってやり遂げます。ゴールが定まるとそれに向けて真っ直ぐに努力を重ねていきます。
ちょっと不器用なぐらい、自分の意志や信念にこだわって物事に取り組みます。
お堅い印象もありますが、人当たりは柔らかで周りから慕われています。信頼感があり、人から頼られる場面も多いといえます。
とてもマイペースで、自分なりに納得しながら物事を進めていきます。職人気質なところがあり、こだわるところは頑固なまでにこだわる傾向があります。","一本筋が通ったものとなっています。自分はこうありたい、こうしたいという思いに従い、真っ直ぐに理想を追求します。
多くを求めることはなく、周りからどう見られるかも気にしません。ただ大事にしたいのは、自分が納得できるかどうかなのです。
周りにはなかなか理解しにくいような生き方をするかもしれません。だけど、本人は自分の思い通りに生きられたら、それが心からの喜びなのです。
独自の道を選ぶ傾向があるため、人とは少々違った人生になりがちです。そのぶん、個性豊かな生き方を楽しめます。","とても正直者で純粋な人です。
人と比べることなく、常に自分だけの道を突き進みます。周りに何と言われようと、やりたいものはやりたい、やりたくないものはやりたくないのです。
一方、やると決めたことは何が何でもやり抜く強さを備えています。失敗や困難に見舞われようと、粘り強く取り組んで乗り越えられるのです。
前向きで、些細なことにこだわらず、明るく生きられる人。さっぱりとしていてストレスを抱え込むことがありません。
人間関係もあっさりとしていて、誰もと常に一定の距離を保って付き合っていきます。","自信に溢れプライドが高い傾向があります。
自分に自信を持っていて、何をするにも迷いがありません。素直で正直な性格で、受けた恩も恨みも忘れないところがあります。
人のために何かするのが好きで、奉仕精神豊かに人に尽くします。世話焼きな一面があり、頼られると断れません。
お人好しゆえに人から都合良く扱われてしまうことも。断る勇気を持つことで、いっそう自分らしく生きられるようになります。
明るく純粋なところが周りから愛されていて、多くの人に慕われます。一方、本人は1人の時間も大切にしたいと望んでいます。","自分のペースを保ちたいというスタンス。束縛や干渉されるぐらいなら、1人でいるほうが良いというほど、恋愛にのめり込みにくいタイプです。
異性にはとてもモテやすく、独特の雰囲気が心を惹きつけます。本人さえ望めば、恋愛相手に困ることはありません。
恋愛願望はあるものの、自分のペースを決して乱さない相手でなければ恋をしようとはしません。穏やかな狼にとって恋愛は、相手選びがとても重要なのです。
四六時中でも一緒にいたいというタイプとでは、うまくいきません。お互いを尊重し合い、それぞれの好きなことを応援しつつ、恋を深めていける人が合っています。
2人きりの時は案外甘えたがりなため、包容力のあるタイプとうまくいきます。"
5,https://unkoi.com/article/animal_wolf5/,"いつも自信に溢れ堂々としている性格の持ち主です。
人に媚びたり八方美人になったりすることなく、常に自分の考えで生きています。自分が正しいと思う道をひたすら追求する姿勢が、周りからは信頼されています。
ただ、少々頑固で融通が利かないところもあります。こうと決めたら誰に何を言われようと変えることはありません。
パッと臨機応変に対応するのは苦手で、じっくりと考えて納得してから動き出します。動くまでは時間がかかるものの、一度動くと決めた時に迷いはありません。
人と群れるのは好まず、自分1人の時間や空間を作ろうとします。自分のペースで生きたいと望んでいて、周りに合わせるのは苦手なところがあります。","自分にしかない魅力的な個性を追求する生き方をします。
人と比べることなく、自分が何をしたいか、どう生きたいかを明確に理解しています。自分がそうしてしっかりと理想を持っているため、周りのことも尊重します。尊敬できる人の生き方を見て、学びや気づきを見出していきます。
あまり自分が得をしようという考えはなく、それよりも常に正しくあろうとします。正義感の強さゆえに時に人とぶつかることもありますが、自分の信念や考えを妥協するぐらいなら、衝突してでも本心で生きたいと望むタイプです。","明るくお人好しです。その場にいるだけで華があり、周りからの注目を集めます。
明るい雰囲気で場を和ませるタイプですが、言いたいことはきちんと言える人です。周りに合わせて何も言えないといったことはありません。自分の思うことをしっかりと主張し、納得がいくまで妥協することはありません。
また、とても自立していて、何をするにも自分でやり遂げようとします。人に頼るのは苦手で、依存することも決してありません。
自分で考え、自分で行動し、自分の思い通りに人生を歩んでいくのです。","裏表がない正直者です。真面目でお人好しなところがあり、困っている人は決して放っておけません。
誰に対しても素直で嘘をつけないため、周りからの信頼は厚いです。
また、高い知性を備えていて、頭の回転も速いです。目標を掲げると、それに対して最短距離で達成する方法を見出します。
そして、いざ物事を進める時は粘り強く努力家な一面を発揮します。向上心があり、弛まぬ努力によってチャンスを物にできるのです。
何をするにもしっかりと学びを得て、それを糧にして成功を目指していける人です。","とても一途で真っ直ぐな愛情を好きな相手に注ぎます。浮気とは無縁です。
周りが見えなくなるほど夢中になり、のめり込んでしまうことも。他の人は一切目に入らなくなり、愛する人だけに一途に尽くそうとします。
一方で、相手にも同じように自分だけを見てほしいと望むため、重い恋愛になりがち。つい相手を束縛や干渉してしまい、嫌がられてしまうこともあります。
また、家庭や家族に対する理想や価値観をしっかりと持っていて、それが合うかどうかが相手選びの重要な条件となります。家族を大事にする人とお付き合いしたいのです。
そして、恋愛相手とはそのまま生涯の関係になることを望んでいます。"
6,https://unkoi.com/article/animal_wolf6/,"穏やかで飾らない性格の持ち主で、落ち着きがあり、自分のペースで生きています。
また、魅力的な個性を備えていて、どこか人と違った雰囲気を感じさせます。そんな一面が周りにミステリアスな印象を与え、注目されています。
人と比べることなく、自分のやりたいことをよく理解していてひたすら追求します。1人でコツコツと物事に取り組むのを好み、人に合わせるのは苦手です。
少々繊細なところもあり、周りのことをよく見ていますが、だからといって自分のスタイルや信念を変えることはありません。
何をするにも目標を定め、計画通りに進めていこうとします。頑固ながらも着実なやり方に、周りからの信頼は厚いといえます。","決して人と群れるタイプではありませんが、自然と人を惹きつける魅力によって周りから慕われ、多くの人と関わる人生を送ります。
ある程度、好感のもたれる狼について知っている人からは、深く愛され、大事にされます。
いざという時も、周りが当たり前のように手を差し伸べてくれ、良い方向へと導いてくれます。そのため、周りのおかげで自然と問題解決できたり、大きなことを成し遂げられたりすることができます。
周りの力を借りながら、素晴らしい成果や成功へと繋げていけるのです。","知的な雰囲気とユーモアのセンスのギャップが魅力的といえます。
クールな印象を与えますが、話していると愛らしくユニークな人だとわかります。周りはそこに魅力を覚え、惹きつけられてやみません。加えて優しく情に厚いため、人の心を鷲掴みにします。
自分なりの夢や目標をしっかりと持っていて、それを追い求める人生を歩みます。あまり人には理解されにくいような目標を持っていることもありますが、周りの目を気にせず、自分らしく生きていきます。
高い知性と器用さがあり、人とは違う道であっても成功の道筋を見出すことができます。","穏やかでおっとりとした優しい人です。
一見するとポーカーフェイスでどこか近づきにくい雰囲気もあります。ですが、深く関わると、とても愛情深い人だと周りに伝わります。
繊細さがあり、相手の気持ちや考えを汲み取るのが上手です。求められているものを察して、先回りして与えることもできます。
情に厚く、少々お人好しな一面もあります。頼み事や相談は決して断ることができず、自分が損をしようと手を差し伸べようとします。
人に喜んでもらえるなら、自分が少々犠牲になっても構わないという姿勢です。","恋愛については、あまり積極的なタイプではありません。自分から動くのは恥ずかしいという気持ちがあり、受け身になってしまいがち。
また、ノリや雰囲気で人を好きになることはありません。相手の条件面や自分との相性などをしっかりと見極めたうえで恋をするところがあります。
付き合う相手とは、結婚まで考えたいという少々古風なところもあります。そのため、恋愛観や結婚観が合うかどうかが、相手を選ぶ大事な基準になっています。
そして、いざ恋が始まれば、とても誠実で正直に向き合います。決して相手を裏切ることはありません。
ただ、ベタベタとした付き合いは苦手なので、付き合ってもそれぞれの人生を尊重し合おうとするはずです。"
1,https://unkoi.com/article/animal_fawn1/,"愛嬌があって甘え上手な性格です。素直で裏表がなく、誰とでも平等に偏見なく接します。
正義感が強く、間違ったことは許せない一面もあります。自分が正しいと思うことは何が何でも貫くのです。
嘘やごまかしは自分もしませんし、人にされるのも大嫌い。常に正直に真正面から人と向き合っていたいところがあります。
また、無邪気で好奇心旺盛なところがあります。やりたいことや興味を持てるものが見つかると、やってみずにはいられません。
どんな場にも飛び込みたがりますが、場に馴染むのに時間がかかります。最初のうちは人にも環境にも慣れませんが、慣れてくると自分らしい魅力を発揮できるようになります。","夢追い人です。いつも自分のやりたいことや夢を追い求める生き方をします。
目標や夢がない時は、ぼんやりと過ごすはず。一方で、一度追いかけたいものが見つかると、イキイキと輝き出し、思うままに動き出します。
人から愛されるのが上手ですから、人生において困難があっても周りから助けの手が差し伸べられます。
何かあるたび周りの人からの援助を得られるため、本当の意味で困ることはありません。日頃から人との絆をしっかりと深める努力をしておくことで、人生はより豊かなものになっていきます。","見た目と内面とにギャップがあります。意志が強そうな雰囲気がありますが、内面はとてもおっとりと穏やかです。
当たり前のように周りを気づかい、奉仕することができます。一方で、人に対する好き嫌いが激しく、一度嘘やごまかしがあると決して許しません。
情熱的で感情のままに生きているところがあります。なかなか心を許しませんが、一度心を許した相手にはあるがままで接します。
相手によって態度や接し方が大きく変わります。この人こそと思える相手には、とことん尽くし大事にするのです。","情熱を秘めているのが特徴です。胸の内には熱い情熱があり、夢を追い求めてとことん努力できます。
少々天然な部分もあり、空気を読めないこともありますが、純粋で素直なため周りから嫌われることはありません。天然系キャラとして愛されているはずです。
悪意は一切なく、思ったことをぽんぽんと言ってしまうことも。嘘をつかないところが信用され、周りとは深い信頼関係を築いていけます。
また、とてもさっぱりとした一面を持っています。人と衝突しても引きずることはなく、すぐに許して終わりにできる人です。","恋愛においては甘えたがりです。恋人に心を許すと、可愛らしくワガママを言って甘えます。
付き合う時は、長く時間をかけて、まずは友達関係を深めてからになります。友達として心から信頼できると感じられてから、次のステップに進みたいところがあります。
そのため、付き合うまでには少々時間がかかる傾向があります。ですが、一度交際に至ると、将来まで考えた真剣交際をしようとするのです。
遊びの恋とは無縁で、とても誠実にご縁を深めていきます。モテやすく出会いには困りませんが、心から安心できる相手とだけ付き合います。
恋愛においては信頼を何より重視しながら、大切に愛を深めていくのです。"
2,https://unkoi.com/article/animal_fawn2/,"穏やかで優しい性格の持ち主です。
じっくりと今あるものに取り組む一方、変化を嫌います。
争いや衝突とも無縁で過ごしたいという思いがあります。慎重派で何をするにもしっかりと確かめてからでなければ落ち着きません。
好奇心はあるものの、実際に行動に移すのはしっかりと調べてからです。そして手をつけたなら、最後まで責任を持ってやり遂げ、着実に成果や実績を残していきます。
人に対しても慎重です。警戒心が強くあり、誰とでも気軽に打ち解けられるタイプではありません。
ただ、一度親しくなるととても誠実で、深い信頼関係を築くことができます。周りからの信頼も厚く、いざという場面で頼りにされます。","何かにつけとても慎重なので、人生においてあまり失敗することがありません。
冒険的な行動をしませんし、何かするにもきちんと調べてから取り組みます。勢いで動いて失敗したり困難を招いたりすることはありません。
また、一度目標が定まると、何が何でも達成させようとする強い力を持っています。努力によって人生を成功へと導けるのです。
ただ、控えめな性格で目立つのは苦手なため、大きな行動を起こしたり、新たな変化を取り入れたりすることは少ないです。
周りの目を意識しつつ、堅実に生きるタイプです。","おっとりと穏やかなタイプです。
なかなか心を開かず警戒するところがありますが、一度親しくなると愛らしい一面を見せるようになります。親しい相手とそうでない人とで、接し方が全く違っているはずです。
コツコツと地道に努力するのが得意で、1つのものにじっくりと取り組むのを好みます。あれもこれも同時にこなしていく器用さはないものの、1つの道を究めていくことができます。
保守的で、変化は好みません。周りの注目を集めるのも好まず、控えめに心穏やかに過ごしたい思いがあります。","誠実で穏やかな性格です。礼儀を重んじ、上下関係にうるさいところがあります。
人見知りで、人に心を開くまではとても時間がかかります。人とはある程度の距離を保って付き合い、争いは徹底して避けます。
また、責任感が強く任されたことは必ずやり遂げるため、周りからは信頼されています。何かあっても責任を持って向き合い、決して投げ出すことはありません。
着実に成果や実績を積み重ねていくため、少々自信過剰な一面もあります。確かな実力を身につけることによって成功を掴んでいくタイプです。","決して勢いではなく、慎重に相手を見極めてから交際に至る恋愛傾向が見られます。一目惚れや遊びの恋をすることはありません。
そして付き合うと、とても誠実で相手だけに一途に尽くします。早い段階で結婚や同棲を考える傾向もあります。裏切りや浮気などとは無縁のはずです。
一方で、好きな相手に対しても同じように誠実さを求めます。独占欲が強くなり、ちょっとしたことでも嫉妬してしまいます。
相手の心を自分だけのものにしたいという思いが人一倍強くあり、顔には出さなくても内心では嫉妬心が渦巻いていることも。一見するとクールに見えるため、ふとした時に情熱的な一面を見せて驚かれることもあります。
あまり未練を残すタイプではなく、失恋すればさっぱりと気持ちを切り替えます。"
3,https://unkoi.com/article/animal_fawn3/,"高い社交性と優しい性格の持ち主です。誰とでもすぐに打ち解け、楽しくコミュニケーションを取ることができます。
おっとりと穏やかで人の心を和ませます。少々お人好しで、困っている人は放っておけませんし、頼まれたら断れません。
一方、愛され上手なところがあり、自分が困っている時には周りが放っておかないはずです。人と争うのが苦手で、いつも周りが円滑にいくよう気を配っています。
人の上に立ったりリーダー的立場を任されたりするのは苦手です。周りと一緒にチームワークで物事を進めたい人です。
空想癖があり、頭の中では人とは違う世界を持っています。好奇心が強い一面もあり、興味を持つとやってみずにはいられません。","人に尽くす人生を送る傾向があります。
人を喜ばせることに自分の幸せを見出すため、仕事にしろプライベートにしろ、人に尽くそうとします。時に自分のことが後回しになりますが、人の期待に応えることを人生において重視します。
周りに流されたり、人と争いを避けようとしたりして、思うような生き方ができない時もあります。それでも、持ち前の愛され上手な一面により、いざという時には周りから助けの手が差し伸べられます。
人のために心から尽くせるしっかり者のこじかは、人からも愛され感謝される人生を送ることになります。","空想癖を持ち、神秘的な雰囲気の特徴があります。
人とは普通に接していても、頭の中は空想だらけで時に現実世界と区別がつかなくなることがあります。スピリチュアルな分野や非科学的なものに興味を持つ傾向が強いといえます。
ただ、周りからどう見られているかも気にするため、心許せる人でなければ空想について話すことはありません。
平和主義者でいつも周りとうまくやっていこうと努力できる人です。争いたくないため、自分が折れてでも関係をスムーズにいかせることを優先させます。
誰からも愛されていて、人の輪をどんどんと広げていくことができます。","律儀で義理堅い性格です。
誠実で信頼感があり、いざという時に頼られる存在といえます。目上の人からも気に入られますし、後輩からも慕われるタイプです。
とても柔軟で適応力があり、どんな場にも溶け込んでいけます。気配りも上手で、職場でも仲間内でもとても愛されているはず。
お人好しな一面があり、無理をして人の頼みを受け入れて悩むこともありそうです。また、八方美人になりやすく批判されてしまうことも。
うまく付き合う相手を見極めることで、問題を避けられ、心安らかに生きられるようになります。","ロマンティストな一面があり、好きな人と非日常な空間を分かち合い、ドラマのような恋をしたいという願望を持っています。
お付き合いしても、いつまでも新鮮な雰囲気を保とうとします。デートにもこだわり、日々の愛情表現にも気をつかうところがあります。
恋をすれば恋愛が最優先となり、相手を幸せにすることが自分の喜びと捉えます。
また、恋人とはまめに連絡を取ったり、定期的にデートをしたりしたいタイプ。四六時中でも相手と繋がっていたいと望みます。
甘えてくれる人や少々依存傾向のある人のほうが合っていそうです。逆にベタベタしたいけれど相手がそれを望まない場合、うまくいきにくいといえます。"
4,https://unkoi.com/article/animal_fawn4/,"謙虚で穏やかな性格の持ち主です。
周りからは誰にでも優しく純粋な人だと見られています。頼まれると断れませんし、自分のことより人を優先させるところがあるため、少々お人好しな印象も与えているはず。
人と争うのも苦手で、衝突するぐらいなら自分が折れたほうが良いと考えます。
誰に対しても優しくおっとりとした様子を見せますが、内心では警戒していることもあります。当たり障りなく接していても、心を許していないことがあります。
正義感が強く、礼儀を大事にするため、嘘が多い人や礼儀のない人は苦手です。
案外、芯が強いところもあり、譲らないところは決して譲りません。意外なほどに頑固な一面を見せて周りを驚かせることもあるでしょう。","高い目標を掲げて生きる傾向があります。
理想を目指して生きているものの、なかなか理想に届かないため自分に自信を持てません。だけどそれは、理想が高いためであって、決して努力していないわけではないのです。むしろ、自分なりに精一杯努力を重ね、妥協せず目標を目指していきます。
また、周りと良好な関係を築ける華やかなこじかは、比較的目標を達成しやすい人生を送ることができます。周りから愛され手を差し伸べてもらいやすく、人の援助によって成功することも。
それでも、きちんと自分でも努力できる堅実な生き方をしていく人です。","物腰柔らかで慎重なのが特徴です。
誰に対しても優しくおっとりとした印象を与えていますが、内心では相手を警戒していることも。相手からぐいぐいと近づいてきても、心の中ではしっかりと相手を見極めようとしています。
よほど信頼できるようになってからでなければ、心を開くことはありません。当たり障りなく仲良くはしていても、心を許しているわけではないでしょう。
一方で、人から愛されたいという願望は強くあります。一度仲良くなったなら、相手に尽くして愛されるための努力を怠りません。","顕実な正直者で、嘘やごまかしが嫌いで、常に真っ直ぐに人と向き合いたがります。
一方で、嘘をつく人には決して心を許さず、距離を置こうとします。何をするにも真面目で誠実に取り組むため、周りからの信頼は厚く、頼りにされています。
プライドが高いところがあり、目上への礼儀や義理を重んじます。目上の人に敬意を示すため、可愛がられます。
また、自分なりの信念をしっかりと持っていて、それに従って生きています。穏やかなようでいて、頑固なまでに自分を信じて突き進む傾向があります。","恋をする時も慎重な傾向が見られます。
見た目のセンスが良くおっとりとした性格で、異性の注目を集めやすい華やかなこじか。異性からはモテやすく恋愛相手には困りませんが、心を開いて付き合えるのはほんの一握りといえます。
自分からアプローチするのは苦手で、好きな人ができても受け身になりがち。相手の好みに合わせたりさりげなく気づかいを見せたりして、気を惹こうとします。
相手からアプローチされて付き合うパターンが多いはず。お互いを尊重し合う恋を求めていて、馴れ合いやベタベタとした付き合いは苦手。遊びの恋とも無縁です。
付き合うなら、将来まで真剣に考えられる相手と、大切に愛を育みたいと望んでいます。"
1,https://unkoi.com/article/animal_monkey1/,"明るく人を楽しませる性格です。愛嬌がありいつも笑顔を絶やさない底抜けの明るさが、周りから愛されています。
場の空気を温かくするため、どんな場でも人気者。この人を苦手な人など誰もいないというほど、誰とでもうまくやっていけるタイプです。
また、好奇心旺盛で何にでも挑戦していきます。失敗を恐れず、何度でも努力を重ねられる精神力の持ち主です。
受け身で待っていたり、1つの場所に留まったりするのは苦手。常に新しい風を自分自身に取り込んでいきたいと望みます。
落ち着きなくあちこちを移動して回るぶん、人より知識や経験を積み重ねていけます。切り替えもうまく、さっと判断して自分に最善の道を選び続ける人です。","人とのご縁によって人生をいかようにも変えられます。しっかりと導いてくれる存在を見つけられると、人生は一気に好転します。
一方で、人に振り回される傾向もあり、都合良く扱われることも。そうなれば、少々浮き沈みの激しい人生になってしまいがちです。
ただ、いざという時には必ず救いの手が差し伸べられる幸運の持ち主です。困難に巻き込まれたとしても、必ず周りの助けで抜け出せます。結果的に、人生において本当に困るようなことはありません。
自分の力で人生を変えていくこともできます。心のままにいろんな挑戦を重ねていくことで、経験値が高まります。","明るく可愛らしい性格です。
人を楽しませるのが上手で、どんな場でも周りから愛されます。社交的でよく気づかいもできるタイプで、多くの人と接する場で活躍できます。
自分自身が楽しみながら周りも笑顔にできるため、どこでも人気者です。人から嫌われることはめったになく、誰にも好印象を与えています。
男性からもよくモテて、出会いには困りません。誰にでも偏見なく優しくできることから、気のない相手から好かれることも。
人から愛されやすく、女性の落ち着きのない猿を中心に人の輪がどんどんと広がっていきます。","迷わず決断実行できるタイプです。こうと決めたら迷うことなく、まっすぐに決断を下します。
やるべきことは必ずやり遂げる力があり、周りからの信頼も絶大です。
よく気がつきスマートに女性と接するため、異性受けするはず。細かい気づかいが当たり前のようにでき、仕事でもプライベートでも重宝されています。
優しそうに見えて芯が強くしっかり者で、仕事もできる人です。いざという時には力強く動くこともでき、頼りになります。
リーダータイプではないものの、人から注目を集めやすいタイプです。","異性の注目を集めやすく、よくモテるタイプです。見た目が洗練されていたり所作がスマートだったりと、異性の心をくすぐります。
また、ふと見せる愛らしい笑顔に異性の目は釘付けになります。
一度付き合うと、尽くすタイプになります。時に尽くしすぎて重いと思われたり、都合良く扱われたりすることも。
異性を見極める目は備わっているため、相手選びを感情だけでなくしっかりと判断すれば問題ありません。
恋愛においてはとても情熱的で、好きな人には一途でまっすぐな愛を注ぎます。生涯たった1人の相手で良いというスタンスで、恋に夢中になります。
ただ、切り替えもハッキリしていて、相手の愛を感じられなくなると未練なく別れるところもあります。"
2,https://unkoi.com/article/animal_monkey2/,"仕事にも遊びにも積極的で好奇心旺盛な性格の持ち主です。
自分の知らないこと、未経験のことに興味を持ち、どんどんと飛び込んでいきます。行動力に溢れていて、新しいことに挑戦するのを恐れません。
また、大らかで温かい性格で、誰からも好かれています。誰でも受け入れる社交性と柔軟性がある一方、自分が心を許すのは苦手です。本当に心を開いて接することができるのは、生涯においてもほんの一握りです。
人とは楽しくやっていくことができ、どんな場でも中心的存在になります。明るく前向きで奉仕精神も豊かで、人のために喜んで尽くします。
ただ、人の輪を優先させるあまり、無理をしてでも自分のことを後回しにすることもあります。","好奇心のままに行動する人で、山ほどあるやりたいことを1つ1つこなしていくのに大忙しの人生といえます。
常に何か目標や目的を持って生きていて、次から次へと挑戦を重ねていきます。気になることはやってみずにはいられません。
ただ、何か1つをじっくりと取り組むのは苦手で、あれもこれも中途半端に終わってしまいがち。どこかに腰を据えたうえであれこれ試すのが、人生をより好転させる鍵となります。
また、楽しい企画によって周りを楽しませて、人の輪を広げていくこともできます。周りの人たちと共に人生を充実させていけます。","気づかい上手で愛らしい雰囲気を持っています。いつも周りに気を配り、輪を大事にする人です。
誰とでもうまくやっていける社交性と柔軟性がある一方、付き合い方は意外とサッパリとしています。広く浅く人とのご縁を広げていきます。
誰かと深い結びつきを得るには時間がかかります。なかなか人に心を許すことができず、親密になれるのはごく一握りの人だけです。
仕事も趣味も手を抜くことはなく、何事にも精一杯尽力します。真面目な働きぶりと誠実な人柄で、周りから高く評価されています。","陽気で活発なタイプで、やってみたい、面白そうと思ったら行動せずにはいられません。深く考えず、何にでもパッと飛び込んでいきます。
さらには、興味のあることはとことん研究し、深掘りしていきます。
瞬発力や適応力があり、思いつきを形にするのも上手です。瞬時に判断する力も、粘り強く努力する力も、両方を兼ね備えている人です。
いざという時の勝負強さや決断力、判断力に優れていて、どんな場でも重宝されます。
何をするにも最後まできちんとやり遂げる責任感と誠実さを備えていて、周りの信頼は抜群です。","明るく親しみやすい雰囲気があり、異性の心を惹きつける魅力に溢れています。
とてもモテるタイプで、出会いに困ることはありません。特別なことをしなくても、異性のほうからアプローチしてきます。
相手を見極める目さえきちんと持っていれば、心から幸せになれる恋ができます。お付き合いが始まると、相手から深く愛され大切にされます。
大きな志をもった猿はとても誠実で一途ですから、交際相手とそのまま結婚に進む可能性は高いです。
一方で、相手にも誠実さや一途さを求めるため、不安要素が見えてくると許せません。相手に誠実に尽くすぶん、相手にも尽くされたいのです。"
3,https://unkoi.com/article/animal_monkey3/,"周りをよく見て行動できる人で、協調性があり、思いやり溢れた性格の持ち主です。
人が何を求めているのかを汲み取る力があり、察して先回りすることができます。
人に尽くすのも好きで、周りのためにあれこれと世話を焼く傾向があります。ちょっとお節介なところもありますが、周りから頼りにされています。
ただ、オンとオフの切り替えが下手で、いつでもどこでも周りに気をつかい、気疲れしてしまうことも。そのぶん、周りからは愛されていますが、ほっと休まる場を見つけておくことが必要です。
また、頭の回転が速く、器用で柔軟なのも特徴です。与えられた仕事は期待以上にこなしますし、リスクを予測して先回りすることもできます。
流行や時代の流れにも敏感で、最先端の情報やトレンドを取り入れていきます。","人生を楽しむのが上手です。
1人で楽しむのではなく、周りの人たちと楽しみや喜びを分かち合おうとします。そのため、自分が中心となって、人を楽しませたり、自分が得た喜びを周りにも与えたりする生き方をします。
その場その場での楽しみにも精一杯ですが、きちんと先々のことまで考えられる人です。一見すると自由に人生を楽しんでいるようでいて、案外安心安全な道を選び抜いています。
そんなどっしりした猿は、大きな困難や問題をうまく避けながら、幸せになれる人生を歩んでいきます。","芯がしっかりとあるタイプです。
意志が強く、何をするにも自分を信じて突き進んでいきます。やりたいことが見つかれば、迷いなくまっすぐに取り組んでいきます。
内面には情熱を秘めていて、時に熱い一面を見せることもあります。こうと決めたら、人と衝突してでも自分の思いを貫こうとします。
基本的には穏やかで周りに気を配ることができる人です。よく気がつき、気づかいできる人だと周りからは好感を持たれているはずです。
要領が良く、誰とでもうまく付き合っていくことができます。","とても器用で柔軟な人です。何かにつけあれこれ考えすぎることはなく、気軽に受け止めて楽しむことができます。
時代の流れを察知する力が抜群で、トレンドを取り入れたり、最新の情報や知識を持っていたりします。
何をするにもゴールや目標に対して最短距離で向かおうとする傾向があります。余計なものをそぎ落とし、効率を最重視して行動するため、時にクールな決断をすることがあります。
人に対しては、来る者拒まず去る者追わずのスタンス。気の合う仲間たちとワイワイ楽しんでいたいところがあります。","とても誠実で一途な恋をするタイプです。
相手に選ぶ際にも、真面目で誠実なタイプになる傾向が見られます。派手さや刺激よりも、じっくりと心を通わせていける、安心できる恋を求めています。
また、異性としてだけでなく、1人の人として尊敬できることを重視しています。人柄や内面の魅力まで理解したうえで、恋をするのです。
一度恋をすると、先々のことまで考えた真剣交際を望みます。早い段階で結婚まで考えているため、相手によっては重いと思われることも。
ですが、同じように真剣交際を求める相手にとっては、信頼できる良いパートナーとなります。
丁寧に愛を育みながら、信頼を築いていき、結婚を目指していく恋となります。"
4,https://unkoi.com/article/animal_monkey4/,"親しみやすくオープンな性格です。誰とでもすぐに打ち解け、仲良くなることができます。
尽くすのも好きで周りへの気づかいを絶やしません。困っている人には誰より先に声をかける優しさと奉仕精神を持っています。
自分が引っ張っていくより、サポートに回ることを好みます。周りから信頼され、頼りにされる存在といえます。
明るく気さくですから、話しかけやすく、自然と人を惹きつける魅力があります。
また、あれもこれも同時に進めていける器用さや柔軟さを持っている一方で、1つを追求するのは苦手です。同じことをいつまでも続けていくと飽きてしまいます。
集中力はあるものの、短期的なもので、長く何かを続けていくことには不向きなタイプといえます。","常に新しいものを追い求める傾向があります。同じ場所、同じ物事に留まり続けることができません。そのため、気分屋の猿の人生はどんどんと動き続けていきます。
仕事や趣味、人間関係など、人生において様々な変化が現れます。それでも、器用でどんな場でもすぐに馴染めるため、大きな糧となって次のステージへと進んでいけます。
いろんな場で得た知識や経験、人脈を活かしながら、人生をより良いものにしていけるのです。そうする中で、やがては自分が大切にしたいもの、生涯を懸けたいものを見出していきます。
最終的には自分に最適な道を見つけられるはずです。","社交的で気づかい上手なタイプです。
周りを気づかうことができ、人のために尽くすことを厭いませんが、一方で周りを気にしすぎて神経質になってしまうこともあります。
自分のことを疎かにしても人に尽くしてしまう傾向があります。
また、聡明で自分の世界をしっかりと持っている人でもあります。自分なりの夢を叶えるために、とことん努力するパワフルさがあります。
さらに、さっぱりとしたところがあり、違うと思えばすぐに頭を切り替えます。夢に辿り着くまでは迷いもありますが、一度覚悟を決めるとまっすぐに道を進んでいく強さが備わっています。","高い知性とユーモアを持っています。親しみやすく穏やかで、人を楽しませるのが上手なため、人とすぐに馴染めます。
一度会話すれば、相手はその気さくさに心を許し、打ち解けられます。明るく気取らない性格で争いを避けて通るため、誰からも愛されやすく、友達も多いほうです。
また、じっくりと自分の能力を高め視野を広げていく男性の気分屋の猿は大器晩成型。
自分が進むべき道を見出すまでに時間はかかりますが、やがてはやりたいことを見出します。そして、その道で成果を上げていき、大成します。","あまり理想やこだわりがありません。
一緒にいて楽しい、趣味が合う、何となく好きといった感覚を大事にします。そのため、好きになる相手の見た目も雰囲気もバラバラ。フィーリングだけで恋に落ちるのです。
一目惚れしたり、意外な身近な人が恋人になったりなど、恋が急展開する傾向があります。
一度好きになると夢中になり、四六時中でも一緒にいたいと望みます。早い段階で同棲を望んだり、情熱的な愛情表現をしたりします。
恋に楽しい刺激を求めるタイプで、いつも情熱を燃やし続けていたいのです。一方で、熱しやすく冷めやすいところがあるので、相手の気持ちが冷めたと感じたら新たな恋を求めたくなります。"
5,https://unkoi.com/article/animal_monkey5/,"裏表がなく素直な性格で、誰に対しても変わらない態度で真っ直ぐに接します。
周りを気づかうこともでき、愛情を持って向き合えるため周りからの信頼は厚いです。穏やかで柔軟で人付き合いがうまく、敵を作りません。
謙虚でありながらもしっかりと人を導いていくリーダーシップも備えていて、多くの人から必要とされています。
また、知的好奇心が強くあり、知識や経験をどんどんと積み重ねていきます。興味を持つと、とことん調べたりやってみたりして、経験値を高めていきます。
失敗を恐れず挑戦する心もあり、失敗を糧にして大きく成長していきます。積極的で前向きな生き方ができ、自分の力で人生を高みへと導いていきます。","人との関わりを広げることで人生を好転していきます。人に共感したり、寄り添ったりすることができるため、周りから愛されやすいです。
人とのご縁をどんどんと広げていき、そんな中で人脈を得たり、周りから引き立てられたりして人生が良い方向へと進んでいきます。
人との丁寧な関わりが、尽くす猿の人生そのものをより豊かにしていくのです。
良縁や人脈を引き寄せる魅力があり、周りのおかげでやりたかったことを実現させたり、大きな役割に大抜擢されたりすることも。人とのご縁が、尽くす猿の人生には必要不可欠なのです。","マメで器用なタイプです。細々としたことによく気がつき、先回りして行動することができます。
周りの空気を読んだり、気持ちを察したりするのも上手で、うまく立ち回れます。
また、頭の回転も速く、何でも自力でやり通せる強さを備えています。好奇心も強く、やってみたいと思ったらすぐに動かずにはいられません。さっさと動きすぎて、時に無謀になることもあります。
困難やライバルの存在があるほど熱くなり、前向きに乗り越えようとしていきます。苦しい状況で真価を発揮し、大きなことを成し遂げることもできます。","人との繋がりを大事にする傾向があります。
周りとトラブルになることはほとんどなく、いつも穏やかで愛情を持って接します。少々思うところがあっても、大人の対応で乗り切ってしまいます。
また、完璧主義なところがあり、何でも自分でやらなければ気が済みません。人に任せたり頼ったりすることができないタイプです。
何事もきちんとこなしていけるため、とても仕事ができるはず。周りからの信頼も厚く、自然とどんな場でも場の中心的存在になりやすいです。
自信があり、どっしりと構えた姿勢が周りに好感を与えています。","恋愛については少々不器用で奥手なところがあります。
恋愛以外ではリーダーシップを発揮したり、柔軟に対応したりできるのに、本気で好きになれば緊張して動けなくなります。そのため、好きになってもなかなか一歩を踏み出せず、何もできないまま片思いで終わってしまうことも。
ただ、一度恋が始まると、相手と楽しく盛り上がるデートをしたがります。特別なことをするより、一緒にいる時間をとことん楽しもうとします。
良い雰囲気を作るよりは、明るい空気の中で楽しく心を通わせようとするはずです。
また、尽くすことが好きですから、相手を喜ばせるためにプレゼントしたり、丁寧に愛情表現したりして、愛を深めていきます。"
6,https://unkoi.com/article/animal_monkey6/,"明るく社交的な性格で、場の空気を自然と和ませる雰囲気があり、周りの人たちの心を明るくします。
気づかいや気配りもでき、困っている人にはいち早く声をかけられます。裏表もなく、正直者で常にまっすぐに人と向き合います。
駆け引きや媚びなどとは無縁で、どんな相手ともフラットに接する人です。そんな一面が周りからも信頼されていて、頼られることが多いはず。
誰にでも優しく愛情深いですが、決して無理をすることもないため、心を開いて付き合っていきます。
また、とても器用で幅広く物事に取り組めます。あれもこれもと柔軟に対応していく力が優れています。慎重さも備え、1つを追求していくこともできます。","自分なりに目標やゴールを定めると、まっすぐに追い求めていく生き方をします。
おっとりとしていて、実は野心家な一面を秘めています。周りから評価されたい、認められたいという欲求を持っています。
そして、人から認められるたび自信を得られ、さらなる挑戦を重ねていきます。
時代の流れを把握しながら、自分が有利になれる方法を模索するのが得意です。人生がより素晴らしいものになるよう、自分の力で動かしていくことができます。
合理的に考えて最短距離でゴールに辿り着く道のりを見出し、人より先に目標達成する力が高いといえます。","面倒見が良い姉御肌タイプです。愛想が良く、周りの世話を焼くのが好きです。
自然と周りからも頼られやすく、世話係として周りから重宝されます。自分が先頭に立つより、サポートに回ることで力を発揮します。
何があろうと弱音や愚痴を吐かず、粘り強い努力ができる人でもあります。一度目標を掲げると、それに向けて決して手を抜かず取り組み、やがては達成します。
堅実で保守的、あまり新しいことには興味を持ちません。ですが、努力家で1つの道をとことん貫き、やり遂げる力を持っています。周りは安心して大事なことを任せてくれるはずです。","自信に溢れイキイキしています。
時代の流れを掴むのがうまく、トレンドもどんどんと取り入れていく人。情報や知識に敏感で、とても物知りです。
大らかでどんな相手ともうまく付き合っていくことができます。
一方で、プライドが高いところもあり、認められたいという欲求を強く抱いています。
よく知り合うまではあまり自分を出さず、適度な距離を保とうとしますが、親しくなると一転。心許せる相手にはユニークで人懐っこい一面さえ見せるところがあります。
相手によって見せる一面が違うため、周りから驚かれることも多いといえます。","恋愛相手とは安心感のある恋をしたいと望んでいます。派手さや刺激は求めておらず、心穏やかで落ち着く関係を築きたいのです。
異性からはモテやすく、出会いは多いほうですが、自分からアプローチするのは苦手です。かといって相手に流されることもありません。
友達関係からじっくりと心を通わせて、そのままだんだんと恋に発展させていきたいのです。
ベタベタと四六時中一緒にいるのは苦手です。付き合っても、それぞれの時間を尊重したがります。
そして、一度お付き合いすると、結婚まで視野に入れた真剣交際を望みます。遊びの恋や勢いでの恋などとは無縁です。きちんと将来を考えて相手を選び、堅実に付き合っていきます。"
1,https://unkoi.com/article/animal_leopard1/,"細かいことにこだわらない大らかな性格の持ち主です。
自分は少し変わり者だと思ってはいるものの、むしろそれを自分の魅力だと思って行動しています。
ファッションも個性的ですが、もともと芸術的センスが高いため、どんな服を着てもスタイリッシュに着こなすおしゃれリーダーです。
独立心旺盛で自分自身が孤独に強いため、他人の気持ちをうまくくみ取ることができない場合があります。
しかし「そんなこともあるさ」という楽天主義で、そもそも悪意がないことから多くの人に注目され、愛されます。
加えてプライドが高く、強い意志と粘り強さを兼ね備えているために、自然とリーダーに祭り上げられることも多いです。","いわゆる大器晩成型の運気といえます。
あらゆる物事に対してコツコツと時間をかけ、粘り強く取り組むことが得意なので、最終的に大きな結果を出すことが多いです。
正義感が強いものの、人との争いは好みません。基本的に相手を尊重し、信頼関係を築こうという姿勢で向き合います。責任感の強さも相まって、周囲には多くの人が常に集います。
何事もじっくり積み上げていくため、若い頃は苦労があるかもしれませんが、年を取るにつれて人脈、信頼、財産、全てがしっかり積み上がっていくことになります。","マイペースで見た目は穏やかですが、その芯の強さは人一倍です。
これと決めたことは意地でも貫こうとし、それが時にはワガママに映る場合もあります。
根本的には他人に優しいのですが、どう表現していいかわからないので誤解を受けやすいともいえます。
恋愛ではセンスと注目度の高さからモテやすいのですが、遊びの恋は苦手です。
恋愛で傷つきたくないという気持ちも強く、なかなか本気で人を愛することができませんが、いったん好きになればどこまでも一途にその愛を貫きます。","個性的な楽天家です。
ちょっと変わっているところが自分の最大の魅力だと考えており、その明るく自信満々なところが実際に人に愛されるポイントになります。
他人のために全力を尽くそうとする優しさがあり、得意の話術で相手の心を解きほぐしますが、人の気持ちにはやや疎いところがあります。
恋愛に関しては理想が高く、「これぞ」という唯一無二の恋愛を求めて彷徨います。
恋多きタイプですが、その人と恋の落ちた瞬間は、本気で運命の相手だと思っているので全力で相手を愛そうと努力する真面目な面もあります。","信頼関係を大切にし、お互いを大切にできる恋愛をします。
人を好きになるまでに時間がかかるので、一目惚れは基本的にはありませんし、自分から恋を求めてガンガン行動することもありません。
むしろ友人、知人の関係からじっくりとお互いを知っていくうちに絆が深まっていくタイプです。
誰かを好きになったとしても早急に関係を進めようとはせず、お互いのペースを大切にしていきます。
素直で、あまり人の心を慮るのが得意ではないため、特に恋愛に関する駆け引きは苦手ですが、そのぶん誠実なので、安心してお付き合いができます。
じっくり関係を深めるぶん、付き合う際にはすでに結婚が視野に入っていることも多いです。"
2,https://unkoi.com/article/animal_leopard2/,"エネルギッシュで自己主張が強い一方で、人当たりの柔らかさを持ち合わせているタイプです。
普段は誰に対しても温和に対応し、とても腰の低い「いい人」な印象を抱かせますが、その内側には情熱が渦巻いています。
そのため、感情の起伏が激しく、時に周囲を振り回してしまうこともあります。普段とのギャップに驚かれるはずです。
また、プライドが高く、理想の自分に向かって日々努力を続けています。
社交的で新しいもの好きのため、多くの情報を持っており、話題の人となることも多いのですが、こまごました根回しが下手なため、それに乗じて周囲から引き立てを受けるのは苦手です。
本当はいつでも誰かに認められたいと思っているのに、なかなかうまくいかずに悶々とすることもあります。","やる気と行動力で成功を勝ち取っていく努力家です。高い理想を掲げ、そのために日夜努力を怠りません。
しかし、プライドが高いことからなかなか満足することができず、理想と現実のギャップに何かと悩まされます。
お天気屋で感情にムラがあり、周囲を振り回すことがありますが、年を重ねるごとに次第に落ち着きが出てきます。若いうちはあれこれ苦労しても晩年は穏やかに過ごせることが多いです。
いち早く新しい情報を取り入れることから周囲に重宝され、また、いつまでも若々しくいることができます。","常に話題性に富むファッションリーダーです。
新しい情報も誰より早く取り入れるので、いつも周りの注目の的です。これと決めたことに対しては粘り強く、情熱を持って取り組むので、当然リーダーになっていきます。
また、他人を説得するための話術はピカイチです。
恋愛に関しては人見知りを発揮することが多く、なかなか親密になれません。しかし、かなりの面食いで、ファッションセンスや見た目がドンピシャな相手にはあっという間に目がハートになります。","人の懐に入り込むのが上手な正直者です。
気さくで人懐こい雰囲気を持つため、周囲はあっという間に気を許していきます。しかしながら素直であるがゆえに好き嫌いがはっきりしており、いわゆる気分屋です。
高い理想を掲げるため、なかなか達成できずに苦しむこともありますが、プライドが高いため弱みは見せません。
恋愛では押しに弱く、「好き」と言われたらなかなか無下にすることができずにお付き合いをしてしまうこともあります。","一途な恋愛をするタイプです。
恋愛に関しては慎重な姿勢を示し、交際を始めるまでに時間がかかります。相手のことをある程度理解できないと安心してお付き合いができません。
また、付き合う時点で結婚を視野に入れているので、ことさら慎重になります。
交際が始まると、面倒見の良さと優しさを発揮して相手に尽くします。
ただし、一途で情熱的な愛は、時として強い束縛を生みます。
普段から愛する人を喜ばせようとして一生懸命心を尽くして頑張りますが、その一途さや情熱を相手からも得たいと考えています。
そして裏切りは絶対に許しませんし、何か疑わしいことがあればとことん追求しようとすることもあります。"
3,https://unkoi.com/article/animal_leopard3/,"積極的で温厚な性格の持ち主です。
穏やかでクールな雰囲気を漂わせ、パッと見ると思慮深く、落ち着いている人だと思われることが多いです。
しかし、内面は直感的でフットワークが軽く、気が向くままに行動するタイプといえます。
また、人懐っこく、周りの人とも気さくに交流するなど親しみやすいタイプです。
一方で、深く物事を分析したり、考えたりするのは苦手かもしれません。また、見た目以上に頑固で負けず嫌いです。
本当は相手の言葉に一理あると思いながらも周りの言葉に耳を貸さずに、自分の意見を押し通してしまうことも多く、後からクヨクヨと悩んでしまうことがあります。","インスピレーションが鋭く、ひらめきを重視する行動派です。ピンときたらフットワークの軽さでチャンスを素早くキャッチします。
失敗することも多いですが、持ち前の行動力と柔軟さで対応しながら着実に成功を掴むことができます。
ただし、負けん気が強く、意地っ張りなところがあり、周りの意見を聞かずに突っ走ってしまいがちです。
また、大人びて見えるからこそ周りから誤解されやすく、外見と内面のギャップやプレッシャーに人知れず悩んでしまうことも多いです。
自分の弱みを素直に認め、物事をじっくり考えることが人生の課題といえます。","上品でおっとりとした雰囲気を持ち、年齢よりも上に見られたり、落ち着きがあり思慮深いタイプだと思われたりすることが多いです。
しかし、内面は勝ち気で負けず嫌い。周りの人の言うことを聞かずに自分の意見を押し通すなど、良くも悪くも強い芯を持っています。
外見と内面のギャップのせいで「周りからなかなか理解されない」と感じることも多いのではないでしょうか？
対人関係でも誤解されることが多く、求められる自分と本当の自分の差に悩んでしまうなど、揺らぎやすい一面があります。
自分でも掴みどころがない……それが女性の落ち込みの激しい黒ひょうの特徴といえます。","物腰が柔らかく、クールで紳士的な雰囲気を持つタイプです。
とても頑張り屋で真面目、独立心が強く、大きな目標を立てて人生を全力で突き進んでいきます。
また、直感や想像力が豊かなのも特徴で、斬新なアイデアやインスピレーションでチャンスを手に入れることが得意です。
夢や理想を信じてまっすぐに努力していく性格は、周囲を明るく照らし、勇気づけるはずです。
一方で、フットワークが軽すぎるあまり「ちゃんと考えていないのでは？」と周囲から不安を抱かれてしまう傾向があります。
決断が早いのは良い面ですが、もう少しじっくり考えてから行動すると良いでしょう。","恋愛においてクールで受け身に見えますが、実はなかなか情熱的です。
好きな人ができると、積極的に声をかけたり、ストレートに自分の気持ちを伝えたり、積極的に行動します。
熱い情熱を持つ割にさっぱりしているのも特徴で、告白した結果フラれたとしても根に持つことはなく、その後も友達として気さくに接するタイプです。
交際が始まると、いろんな場所へ出かけてみたり、記念日を盛り上げたり、持ち前のサービス精神と愛情で楽しませようと頑張ります。
やや気まぐれでワンマンなところがありますが、誠実に愛情を深めることができます。
なお、浮気は絶対に許さないタイプです。信頼を裏切られたと感じたら、猶予なくキッパリと別れを選択するはずです。"
4,https://unkoi.com/article/animal_leopard4/,"優しく素直な性格で、穏やかな雰囲気を持つタイプです。上品で静かにニコニコとしているような、おっとり型に見られることが多いです。
しかし、内面は細かく神経質、頭の回転も速く、時代を先取りするセンスの持ち主。特に芸術的な感性が抜群に良く、美しいものや価値があるものを見極める能力に長けています。
根はとても真面目で、相手の善意を疑わない純粋な心を持っていますが、人見知りが激しく、初対面の人と話したり、大勢の中に自分から飛び込でいったりするのは苦手です。
親しくなるまでどうしても時間がかかってしまうこと、そして自由主義で気まぐれに行動することが多いため、対人関係で苦労する傾向があります。","波乱万丈な人生を送る傾向があります。
感受性が豊かで頭の回転が速く頭脳明晰、物事の本質を素早くキャッチできるため、着眼点や考え方が周りと少し違います。
たとえば、穏やか安定した生活を送ることも大切だとわかっていますが、それより「成長したい」「進化したい」という欲求で動くことが多いです。
保守に入らず攻めの姿勢を取るため、ちょっと変わった仕事に就いたり、引っ越しや結婚・離婚を繰り返したり、何かと変化が多い人生を送る可能性が高いです。
しかし、無謀なチャレンジや行き当たりばったりではなく、先が見えてしまうからこそ行動に移す、というポジティブなイメージです。
様々なドラマがあったな…と思える、豊かな人生を送ります。","芸術的なセンスが抜群で、自分を素敵に魅せることが得意です。
もともと容姿が整っていることも多く、オシャレで立ち振る舞いもとても品があり、まるで上流階級のお嬢様のような雰囲気を漂わせています。
性格は好き嫌いがはっきりしているため、ワガママと思われることが多いかもしれませんが、根は素直で真面目です。頭の回転も速く、物事を素早く理解する能力に長けています。
ただ、気まぐれで自由主義、人から束縛されるのが苦手です。悪気なく相手を振り回してしまうことがあるなど、良くも悪くも小悪魔的な魅力があります。","線が細くスタイリッシュな雰囲気の持ち主です。
人当たりが良く、誰に対してもフラットで気さくな対応をするため、多くの人から親しみを抱かれます。
ちょっと人見知りなところもありますが、そんなところも「守ってあげたい」と思わせるなど母性本能をくすぐります。
良くも悪くも周りから親しまれる、人畜無害なタイプといえます。
内面は頭脳明晰で細かいことにもよく気がつく、しっかり者です。優柔不断ですが、物事の本質を掴むのが上手なので、ミスも少なく仕事も学業も得意です。
ふんわりタイプに見えるのに意外とデキる、というギャップが魅力です。","相手に安心感を与えたり、保護本能をくすぐったりすることが多く、比較的モテます。
しかし、人見知りしやすい性格なので、恋愛経験は少なめです。心から好きな人と信頼関係を深めながら、誠実に愛情を育んでいくことを望みます。
お付き合いが始まると、恋人を喜ばせるために関係を盛り上げようと努力します。
ただし、信頼関係は大切にしますが、相手からの束縛や窮屈な関係は苦手です。
「いつも一緒に過ごしたい！」という感じではなく、自分の趣味を楽しんだり、友人を優先させたりと、お互いのプライベートも尊重しながら適度な関係を好みます。
なお、心のガードはやや緩く、押しに弱い面があります。信頼関係をしっかり築くことが浮気防止のポイントです。"
5,https://unkoi.com/article/animal_leopard5/,"義理人情に厚く誠実な性格の持ち主です。
とても優しく博愛的ですが、「人のため！」と頑張りすぎず、自分を含めて公平にバランス良く動くことができる人です。
視野が広くて包容力があり、フットワークも軽いので、周囲から頼られることが多いです。
しかし、やたらと自分の世界に踏み込まれるのは苦手で、「人は人、自分は自分」としっかりした距離感を持っています。
たくさんの人から親しまれますが、本当に心を許すのは少数。人当たりは良いけれど意外とミステリアス、交友関係も狭い傾向にあります。
スキルでは色彩や美に対するセンスが抜群です。湧き上がったアイデアや理想を追いかけ、現実に落とし込むことに熱中するアーティストタイプでもあります。","夢や理想に向けて常にチャレンジし続けます。
想像力が豊かで、頭の中はいつも夢やアイデアでいっぱいなので、じっとしているのが苦手で、思いついたらすぐに実行しないと気が済みません。
他の人が「無理だ」と思うようなことでも、広い視野と抜群の行動力でらくらく飛び込んでチャンスを掴み取ります。
安定よりも好奇心や情熱を優先してしまところがあるため、生活が安定するまで時間がかかるかもしれません。
しかし、前向きな姿勢だからこそエネルギッシュで希望に満ちた人生を送ることができます。","とても素直で献身的なタイプです。
外見は美的センスがありおしゃれな人が多く、相手に警戒心を感じさせない愛嬌や柔らかな雰囲気の持ち主です。
穏やかで、自分の利にならないとしても相手のために尽くそうとする献身的な性格で、人から親しまれます。
しかし、あまり干渉されることを好まない割に、相手には自分の意見を率直に伝えすぎてしまうため「結構、押しが強い人かも？」と思われることがあります。
親切心でも動きすぎてしまわないよう、他者とのバランスに気をつけたほうが良いかもしれません。","素直でマイペースなタイプです。
雰囲気は控え目ですが清潔感があり、さりげないおしゃれが得意な草食系タイプ。心根が優しく、損得勘定ではなく人情で人と接する義理堅い性格です。
しかし、自分と相手の距離感を大切にしており、必要以上に踏み込んだり、自分の世界に踏み込まれたりすることを嫌います。
また基本的に我が道を進むタイプで、何事も自分の力で最後までやり遂げたいという気持ちが強いのも特徴です。
人当たりは良いのですが交友関係は狭く、気の合う仲間と過ごすことを好みます。","恋愛において、追いかけられるより追いかけたいタイプです。
人当たりが良く優しいので、異性から好意を抱かれることが多く、実はかなりモテます。好きな人には自分からアプローチをかけていくので、恋愛のチャンスは多いです。
しかし、自分の世界にむやみに踏み入られることは好まないので、軽はずみに交際に発展することはありません。「この人が好きだ」と思った人としっかり向き合い、誠実に交際を進めていきます。
お付き合いでは、駆け引きなどはせず真っ向勝負、誠実な付き合いを求めるあまり、早い段階から将来のことを考えることも多いです。
ただし、自分の考えを相手に押し付けてしまう傾向があるので注意が必要です。"
6,https://unkoi.com/article/animal_leopard6/,"礼儀正しく、落ち着いた性格の持ち主です。
口数は多くありませんが、温厚な性格で義理人情が厚く、周りの人をとても大切にします。
人の気持ちを察することがうまく、周囲をよく見て必要なサポートをさりげなく行うことができる気配り上手。しかし、決して見返りを求めないその献身性が多くの人を魅了します。
物事に対しては慎重なところがあり、よく考えてから行動に移すので、ケアレスミスが非常に少ないです。
しかし直感力に優れているため、論理的な思考よりもピン！　ときたほうを選ぶ傾向があります。
その場の思いつきで動くことが多いですが、それで思わぬトラブルに巻き込まれても心理を見抜く直感力で解決策をひらめくことができます。","持ち前の鋭い勘で人生を切り開いていきます。
普段は物静かですが、いざという時はひらめきやその時の気分、好き嫌いなどの感覚で重大な決断を下す大胆さもあります。
インスピレーションが鋭いのは武器の1つですが、そちらに頼るあまり、客観的な分析や論理的に見立てていく作業は苦手なところがあります。
そのため、複雑な計算や緻密な作業よりも、自由な発想力を存分に活かせる環境のほうが才能を伸び伸びと開花させることができます。
また、束縛を嫌う黒ひょうは自然と人に好かれるタイプのため、交際範囲が広くなる傾向があります。大きなチャンスも、自ら掴むより人からもたらされることが多いといえます。","いくつになっても少女のような天真爛漫さがあり、その明るさで多くの人を魅了します。
交友関係も広く、多くの人と様々な交流を楽しみ、いつもたくさんの人に囲まれているイメージです。
また、感性が豊かなため、とてもおしゃれで、雑誌に載っているファッションのような最新の流行を意識したコーディネートに身を包んでいます。
いつもおしゃれな束縛を嫌う黒ひょうの女性に、密かに憧れを抱いている人も少なくありません。
理性と感情の調和も安定しており、周りの人から多くのものを得て幸せな人生を送る人が多いですが、人生の前半と後半で生き方がガラリと変わる可能性を秘めています。","マナーを大切にする物腰柔らかな人です。
穏やかですが意外と肉体派で、体を動かして得た知識や経験、結果だけを信じるパワフルなタイプです。
また、ほんわかしているようで抜け目がなく、駆け引きも得意。大事な商談やチャンスはタイミングを見計らい、決して取り逃がしません。
さらに、交渉スキルも高く、反対意見を持つ人を納得させるくらいの話術を持っています。とはいえ、基本優しい性格なので自己利益のためだけに動くことはなく、人からの頼み事は断らないなど義理人情に厚い一面もあります。","恋愛に対しても真面目で誠実に向き合うタイプです。
優しくておしゃれな束縛を嫌う黒ひょうを慕う人は多いためモテますが、決して遊びの恋はしません。
逆に古式ゆかしいところがあり、お付き合いをするなら当然本気の恋、いわば結婚前提の真剣交際くらいの心づもりで向き合います。
恋愛にそれほど真剣に向き合っているため、相手選びにはかなり慎重。控えめなタイプなので、自分からは最初の一歩がなかなか踏み出せない人も少なくありません。
しかし、一度お付き合いを始めたら一途に相手を愛し尽くすので、関係が長続きする傾向があります。
好きなタイプは、自分と同じおしゃれ好きの人や、同じ道徳観を持つ品行方正な人です。"
1,https://unkoi.com/article/animal_lion1/,"堂々と落ち着いた佇まいと品格、そして高い自尊心の持ち主です。
たとえ乗り越えるのが難しい壁に阻まれても、決して弱音を吐かず、目標に向かって力強く進んでいきます。
完璧主義かつ負けず嫌いな性格が、強靭な粘り強さを生んでいます。
そんな我が道を行くライオンは、まさに生まれながらリーダーとしての素質を兼ね備えているといっても良いでしょう。
ストイックなため自他ともに厳しいところがありますが、細かいところまで気がつくので、言い換えれば最高の指導者ともいえます。
そんな力強い我が道を行くライオンですが、実は口数が少なく、本心をあまり語りません。独立心が強く、他人に頼らず、自分の力で何でも成し遂げようとします。","その能力の高さと完璧主義の思考によって、人並み以上の成果を上げる人生を送る可能性が高いです。
向上心も強いため、どれだけ周りから褒められても慢心せず、より高みを目指して切磋琢磨を続けます。
そのため年を重ねるごとにスキルや知識は増し、より大きなことを成し遂げる人も少なくありません。
プライドも高く、一度始めたことは何があっても最後までやり切ろうとするので目標達成率は誰よりも高いです。
ただ、言い換えれば意固地になってしまう一面があるため、「何を目標に選び取るか」次第で泥沼にはまってしまう恐れも。
場合によっては、　目標を切り替えたり、他人の言葉に耳を傾けたりする柔軟さを持てば、さらに運気が上向きになります。","仕事熱心なキャリアウーマンタイプです。
控えめな性格で穏やかにニコニコしていますが、実は周囲への警戒心が人一倍強く、いつも気を張っていることが多いです。
そのため1人でいるほうが気楽で好ましく、どこか「自分は普通の人とは違う」という自覚を持っています。
しかし、人一倍情熱的で、仕事や興味のあることに対してはとことん突き詰めていきます。
多少のことにはへこたれず、何度もチャレンジしていく力強い姿に、厚い信頼を寄せている人も少なくないはず。
仕事に打ち込むタイプですが、そのぶん恋愛や結婚が二の次になってしまうきらいがあります。","礼儀正しく真面目なタイプです。完璧主義者で、決して他人に弱みを見せない高潔なプライドや意志の強さを持っています。
独立精神が旺盛で、「自分の手でやりたい」という気持ちが人一倍強く、時には他人からのサポートも突っぱねてしまうことも。
堂々とした威厳ある姿と行動力はリーダーや上司にうってつけですが、自分の思うままに進んでいくさまは時にワンマンととらえられてしまうことも。
ただ、本来の我が道を行くライオンの男性は社交性も高いので、頼もしいリーダーとして周囲の人に頼られることが多いといえます。","恋愛でも慎重なタイプです。警戒心が強く真面目で礼儀正しいので、相手のマナーや振る舞いなど、人となりをきちんと観察して判断します。
また、たとえ好きな人ができても自分の気持ちを明かすのが怖く、関係が進展するまでに時間がかかります。
それは、我が道を行くライオンにとって、恋愛はその場限りの遊びではなく、結婚など将来に繋がるものだと考えているためです。
そのため、「この人なら」と一度心を許したパートナーには一生尽くし、絶対に裏切りませんが、相手にも同じだけ誠実でいてくれることを強く望みます。
我が道を行くライオンは、恋愛でも主導権を握りたいタイプなので、それを理解してついてきてくれる人だと相性が良いです。"
2,https://unkoi.com/article/animal_lion2/,"責任感が強い真面目な性格で、包容力を持つリーダータイプです。
頼りがいがあって周囲から慕われていますが、かといってグイグイいくタイプではなく、争いを好まない平和主義で、謙虚で穏やかな振る舞いで人と接します。
損得勘定抜きで人のため社会のために行動できるので、多くの人に尊敬されています。
一見立派に見える統率力のあるライオンですが、実は内面では繊細で警戒心が強く、人見知り。
うまく本心を隠しているので気づかれにくいですが、実際は他人と打ち解けるのに時間がかかります。
新しい環境にもなかなか馴染めませんが、慣れてくると本来のリーダーシップを発揮し、徐々に力強い発言がでてくるようになります。","表のリーダーシップと、裏の頑固で警戒心の強い二面性をいかに理解し、うまく付き合っていくかで生き方が変わります。
もともと平和主義で、人々を導く統率力も備わっていますが、実はとても頑固。笑顔でうなずいていても内心納得しておらず、ただ聞き流しているだけということも。
いわゆる融通の利かない職人気質なところがあり、人との距離感の取り方や馴染み方で苦労をするタイプです。
そのため人生で度々生きづらさを感じることがありますが、自分のそうした内面を理解し、柔軟性や大胆さを身につければ、若いうちから世界が広がり、成功しやすくなります。","人見知りの持続型タイプです。
警戒心が強く、何事も最初は出しゃばらず、受け身の姿勢に。しかし、その場に馴染み出すと徐々に自己主張をはじめ、やがてリーダーシップを発揮するようになります。
いわゆる大器晩成型タイプで、本領を発揮するまでじっくり時間をかける人です。
また、保守的なところがあり、伝統や過去を大切にします。それらをリスペクトしつつ、そこから新しいものを生み出す、温故知新の考えを持っています。
仕事においては冷静沈着で、トラブルが起きても慌てず状況を分析し、チーム全員が納得する解決策を見出すのが得意です。","力強くチームを引っ張るリーダータイプです。
基本的に物腰が柔らかく謙虚ですが、折れない強い芯を持っており、いざという時には権威を持ってチームを率いていきます。
男女ともに几帳面で警戒心の強いところもありますが、女性と違うのは、重要な判断を下せる決断力と、未知の領域に飛び込む度胸が備わっているところ。
どんなトラブルや困難にも負けず立ち向かっていく度量があり、それが一層周囲の人の心を惹きつけ、「この人についていこう」という気持ちにさせます。","誠実で礼儀正しく、さらに力強いリーダーシップがあるため、異性からとてもモテるタイプです。
しかし、統率力のあるライオン自身が、警戒心が強いこともあり、あまりグイグイ来られると引いてしまい、怖いとすら思ってしまうことも。そのため、統率力のあるライオンにとっては、モテることはそれほどメリットではないといえます。
また、完璧主義者のため、自分の理想のパートナー像がしっかりあります。どれだけ言い寄られても自分の理想像を妥協することはなく、たとえお付き合いまで進んでも、相手に幻滅をしたら早々に別れてしまうことも。
しかし、一度「この人」と決めた相手には大切に尽くし続け、長く安定したお付き合いになります。"
3,https://unkoi.com/article/animal_lion3/,"正義感が強く堅実な性格で、自分が信じる道に向かってパワフルに突き進む、強さと勇気を持っています。
裏表のないさっぱりとした性格で、ありのままの自分を率直に表現する一方で駆け引きや社交辞令が苦手です。
プライドが高く負けず嫌い、競争心がとても強く、一番ではないと気が済まないところがあります。
また、自立心が強く、難しい問題にぶつかっても誰にも頼らず自分だけの力でやり遂げようとするなど、ストイックで意地っ張りなところがあります。
しかし、心を許せる友人の前では、ユーモアやお茶目な一面を見せるなど可愛らしい一面もあり、憎めないタイプです。
トラブルメーカーになりやすいですが、頼りがいのあるリーダーとして活躍することも多いです。","高いステータスを手に入れ、大勢の人をまとめるリーダーとして活躍する人生を歩みます。
「人に後れを取りたくない」という気持ちがとても強く、何事も自分が優位に立っていないと気が済みません。
しかし、生真面目な性格なので決してズルいことはしませんし、ひたむきな努力と向上心で失敗と成功を積み重ねながら成功への道を歩みます。
勝ち気な性格なので人と衝突することも多いですが、公平な視点で物事を見るなどバランス感覚にも優れています。
周囲から頼りにされ、必然的にリーダーとして強い存在感を発揮します。","神経質でプライドが高いタイプです。
外見は目鼻立ちがはっきりしていたり、目力が強かったり、人に強い印象を与えることが多いです。
性格は表面的には社交的で腰が低く、人に対して謙虚に振る舞いますが、本当はかなりプライドが高く勝ち気です。「負けたくない」という気持ちが強く、常に理想を目指して努力を重ねます。
根は素直でさっぱりとした性格ですが、喜怒哀楽が激しく感情的になりやすいのが特徴です。
ネチネチしていないのですがコロコロ気分が変わるため、女性の感情的なライオンに慣れないうちは振り回されることがあります。","プライドが高く負けず嫌いです。
雰囲気は明るく自信たっぷりという印象で、オシャレや持ち物にこだわる傾向があります。
性格は自尊心が強く頑固ですが自分を抑える傾向が強く、他人に対してとても気をつかいます。
しかし、お世辞や社交辞令が苦手で、悪気なく本音をポロっと言ってしまうことが多く、世渡り下手なところがあります。ただ、その素直なところが人に好かれる面でもあります。
また、自立心が強く意地っ張りながらも親しい人の前では甘えて見せるなど、可愛らしい一面があります。","好きになったら積極的に声をかけていくタイプです。
表面的には自分を抑えようとするところがあるため、あまり恋愛に興味がなさそうに見えます。しかし、内面はかなり惚れっぽく、パッと見た瞬間に恋をしてしまうことも多いです。
気になる人にはクールを装いながら接近し、コミュニケーションを取りながら親密度を深めていきます。
交際後も情熱は変わらず、サービス精神たっぷりに愛を深めていきますが、主導権を握りたがる傾向があるため、自己中心的な恋になりやすいです。
なお、根が真面目で正義感が強いため、浮気やいい加減な付き合いはせず誠実な関係を求めていきます。相手の裏切りにも厳しい判断を下します。"
4,https://unkoi.com/article/animal_lion4/,"穏やかでおっとりした性格ですが、強い芯を持つタイプです。楽天的で細かいことにくよくよしない、明るい雰囲気の持ち主です。
頭の回転も速く、テキパキと決断していくので、周りからは「分別がある人」「物分かりが良い人」だと思われることが多いです。
しかし、良い意味で自分の考えは曲げない頑固者で、一度決めたことは何があっても貫き通すなど人一倍強い信念があります。
内面は、とてもプライドが高く自立心が旺盛です。しかし、実は「人に甘えたい」という欲求も強く、心の中で葛藤があります。
人目を気にするところがあるのでプライドが勝つことが多いですが、心を許した人の前では抑えていた欲求が爆発することもあり、相反する二つの面を持っています。","堅実な人生を歩む傾向があります。
向上心が高く、常に目標に向かって自分を磨き続ける傷つきやすいライオンは、こだわりが強いせいか、物事の変化や柔軟に対応することが苦手です。
そのため、一度決めた道やキャリアに対して時間をかけて進むことも多く、基本的には安定志向です。自分のスキルを磨きながら、コツコツと地盤を築き上げていきます。
逆境になっても簡単にへこたれることはありません。持ち前の粘り強さと負けず嫌いで、地道に努力していきます。
ただ、意地っ張りなところがあるため、孤独を感じている傾向があります。","強い信念と柔軟な精神の持ち主です。
ふんわりと柔らかい雰囲気の中にビシッと強い「芯」を持つ女性の傷つきやすいライオンは、そのギャップがとても魅力的です。
礼儀やマナーにも厳しく、立ち振る舞いが美しいのも特徴です。
自立心と行動力があり、周りに頼ることなく自分の力で人生を切り開いていこうと果敢にチャレンジしていきます。
ストイックな性格で、目標達成のためなら寝食を削ってでも成果を上げようとするなど、完璧主義な一面がありますが、頑張りすぎて身体を壊してしまうことがあるので要注意です。","安定志向が強く、とても生真面目なタイプです。
物腰柔らかでおっとりとした雰囲気があり、誰からも好かれる愛嬌があります。
礼儀正しく誠実、困っている人がいると見過ごすことができない優しさがありますが、権威にこだわる傾向があり、ルールや秩序にも厳しく上下関係にもこだわるタイプです。
理想の生き方を目指してストイックに突き進んでいきます。
のんびり屋に見えて意外とチャレンジャーで好奇心が旺盛です。意外な一面を見せることも多く、ギャップとユニークな魅力の持ち主といえます。","好きな人とはときめきよりも信頼し合える関係を望みます。
気配り上手で優しい傷つきやすいライオンは、揺るがない芯の強さとおっとりとした雰囲気が魅力で異性からモテることが多いです。
黙っていても周りから声をかけられることも多く、恋のチャンスに困らず、若いうちから恋愛経験が多い傾向があります。
しかし、秩序や礼儀を重んじる性格なので、遊びで付き合うことはしません。すべての恋愛に誠実に向き合い、全力投球で相手と向き合います。
交際では思いやりを大切にしながら、お互いに労わり合える優しい関係を目指しますが、いつも一緒にいることはあまり好みません。離れていても信頼で結ばれている、そんなお付き合いを好みます。"
1,https://unkoi.com/article/animal_tiger1/,"明るく社交的な性格で、正義感が強く義理人情に厚い人です。いるだけでパッと空気が華やかになるようなにぎやかなタイプといえます。
みんなを平等に愛し大切にする博愛主義者で、人を見た目や立場で判断しません。その人を否定せず、肯定的に受け止めてくれる姿に、多くの人から信頼を集めています。
また、世話焼きな一面もあり、困っている人や立場的に弱い人がいたら守ってあげるような姉御肌的なタイプでもあります。
しかし、それが転じて他人にも自分にも少し甘いところがあり、ツメの甘さで失敗したり、ルーズになったりすることも。
意外とプライドが高いところもあり、人に頭を下げるのが嫌という激しい部分を内面に隠し持っています。","内に秘めた情熱をエネルギーにして人生を切り開いていく運勢の持ち主です。
いつも明るく穏やかに振る舞う愛情あふれる虎は、気さくな楽観者と思われることが多いはず。
しかし、本当は自尊心が強く、自分の能力やバイタリティに自信を持っており、「やる」と決めたことを必ずやり通す強い意志と情熱を持っています。
そのため、温厚そうに見えて実際は強烈なポテンシャルで数々の実績を上げているというのが、愛情あふれる虎の特徴といえます。
そんな愛情あふれる虎の大物らしい存在感に惹かれた周囲の人が味方になれば、1人の時には発揮されなかった新たな能力が開花され、さらに大きなことを成し遂げることができるはずです。","強烈な自我を内に秘めたしっかり者です。
自分の気持ちに忠実で、自分の理念に沿った行動に務めるため、後悔することが少ないという特徴があります。
自分の利になるよう、無意識のうちに損得勘定ができる計算高い一面も併せ持っています。
とはいえ、自己中心的な人物ではなく、弱い立場の人を守るような正義感に溢れた熱いタイプでもあります。心を許した人には誠心誠意尽くします。
また、人をサポートすることも好きで、悩みの共感など感情的な繋がりを大切にしながら寄り添います。","温厚でマイペースだけれど、大物の可能性を秘めた人です。
包容力があり、体力面でも精神面でも非常にタフで頼りになります。そんな男性の愛情あふれる虎を尊敬し、ついてきてくれる人がたくさんいます。
一方で決断を下すまでに時間がかかるマイペースなところもあります。
しかし、持ち前の度胸と人望に加え、ちゃっかり有利になるものを見計らっている計算高い一面も相まって、どんな難題もうまくやり過ごすことができます。
自分が手がけたことの達成率も高く、将来を期待される有望な人物に多いタイプです。","異性にモテるタイプです。気持ちの繋がりを重視するため、恋愛にはとても誠実です。
社交的で明るいので奔放に思われることもありますが、実は保守的で、相手の人となりや気持ちを見極めてから動く傾向があります。
相手の反応を窺いながら少しずつアプローチしたり、無理そうだなと思ったら一歩引いたりと、慎重になりながらも機を窺って計算高く動きます。
温厚に見えてプライドも高いので、自分から告白することはかなり少ないといえます。
また、自尊心の高さから、パートナーには親や友人に自信を持って紹介できるような人を好む傾向があります。"
2,https://unkoi.com/article/animal_tiger2/,"明るくノリが良いところと、繊細さの二面性を併せ持つ性格の持ち主です。
外見からも力強さやたくましさを感じるタイプで、悠然とした大らかさがあり、それがなお頼もしく感じさせます。
しかし、見方を変えるとマイペースともいえ、物事に取り組むスピードが違うために「本当に間に合うの？」とハラハラされることも。ただ、動きまわる虎は慎重派なため、締め切りや約束を破ることはありません。
逆に内面にデリケートな部分を隠し持っているため、軽はずみなことや無茶なことはせず、確実に達成できる方法で着実に物事に取り組んでいきます。
社交面では、とてもフレンドリーで、どんな相手とも誠実に付き合います。","目先の利益に振り回されにくい人生傾向が見られます。
自立心も人一倍強く、自分の芯をしっかりと持っているため、他人に惑わされることがありません。
確実性を重んじるため、少し動きが鈍かったり、時間がかかったりする傾向はありますが、「これをやる」と決めたことの達成率は非常に高いです。
そのため、着実に実績を上げていき、年を重ねるごとに昇進したり夢を叶えたりと、成功を確実に手にしていきます。
ただ、慎重ゆえに大事なことほど自分の意見を曲げなかったり、他人に任せられず1人で背負いすぎてしまったりするところがあります。
1人で乗り越えるのは困難な時や、疲れた時は、素直に他人に頼れるようになると、より大きなことを成し遂げることができます。","気さくで明るく、人の面倒を見るのが好きなお人好しタイプです。
社交的かつ大らかな性格でいつもニコニコしていますが、譲れない信念があり、人に指図をされるのが苦手です。
また、自立心が強いため、誰かのお世話になったり、お荷物になってしまったりすることも嫌いです。そのため、困りごとを1人で抱えこんでまいってしまうことも。
しかし、根は冷静かつ合理的な考え方をしているため、よほどのことがない限りはパンクしてしまうために解決策を見出してうまくやりこなします。
慎重ゆえ冒険や挑戦はしませんが、理想を描いてそれに向かって頑張る情熱的な部分も持っています。","分け隔てなく人と接する人格者です。
立場に関係なく誰に対しても平等に愛情と誠意を捧げる博愛主義者で、特に立場の弱い人には積極的に手を差し伸べる思いやり深い人です。
そうした活動に対して理想論を語るだけに終わらず、実際に精力的に行動に移せるのが男性の動きまわる虎の強みといえます。
多くの人に慕われ、厚い信頼を寄せられている人が多いです。ただ、相手に同じく誠意を求めるところがあります。
また聡明で、冷静に状況を分析し、地に足のついた思考が得意です。物事を俯瞰的に見るのもうまく、バランス良く進めていくことができます。","恋愛にとてもポジティブなタイプです。
好きな人ができたらすぐにアプローチするほどフットワークが軽く、たとえつれなくされても頭の良さを活かして、あの手この手でアプローチ方法を変えて攻め続けます。
目標達成よりも、成就するまでの過程を楽しんでいる傾向があります。社交的で全般的に能力が高いため、自らの手で勝ち取った恋愛も数多くあります。
しかし、情熱的なぶん、熱しやすく冷めやすいのが、動きまわる虎の恋愛の特徴。脈がないと判断したり、相手への関心が薄れたりしたら、あれだけ情熱的だったのが嘘のようにスッと冷めてしまいます。
ただし、一度交際が始まると相手にとても誠実に尽くします。思いやり深い性格なので決して浮気はしませんが、相手にも一途でいてほしいという気持ちがあり、愛を感じられないと途端に不安になってしまうことがあります。"
3,https://unkoi.com/article/animal_tiger3/,"誰に対しても人懐っこく、明るくサッパリとした性格の持ち主で、太陽のような存在です。
初対面の人にも堂々と接し、誰とでも仲良くなれる魅力を持っています。
争い事が嫌いで、誰かと揉めるようなことがあっても引きずることはなく、話し合いで解決できなければ自分から謝って終わりにできる懐の深さがあります。
そんな、ゆったりとした悠然の虎の内面には、確固たる信念や、クールと感じるほど的確な判断を下す冷静さを秘めています。
自分の中に一本の強い芯を持っており、他人に振り回されることがありません。自分自身や考えに自信があるからこそ、他人に対して寛容でゆったり悠然としているといえます。
頭の回転も速く、状況分析が得意なので物事のまとめ役や争いの仲裁役をこなすことが多いです。","強い信念を持って、一度決めたことを最後までやり遂げる運の持ち主です。
普段は人当たりがよく大らかですが、「これ」と決めたことには全力投球で取り組みます。
考え方も非常に現実的かつ合理的で、人情家ですが感情や他人の考えに流されることがありません。初志貫徹しており、目標達成率が非常に高い傾向があります。
そんな力強さを持っているゆったりとした悠然の虎ですが、誰に対しても公平に接し、面倒見が良いため、幅広い友好関係をバランス良く築いていきます。
問題が起こっても冷静な目線で効率良く解決していくため、トラブルが大きく発展することはなく、生涯にわたって安定した人生を送ることができます。","いつも明るく元気いっぱいな現実主義者です。
地に足のついた目標を掲げ、持ち前の頭の回転の速さと状況把握力を駆使して可能性の高い道を見つけ出し、着実に成果を上げていきます。
基本的にリアリストで夢見がちな展望は抱きませんが、可能性があると踏めば大きな夢にも果敢に挑戦していきます。
社交的で母性本能が強く、老若男女問わず誰に対しても優しく世話を焼き、多くの人に慕われます。
苦労を知っている人ほどより面倒見が良くなる傾向があり、あれこれ考えを巡らせて取り越し苦労になることも多々あります。","ポジティブでバランスの取れた野心家です。
何事にも前向きで感情が安定しており、落ち込むようなことはほぼありません。たとえ傷ついてもすぐに気持ちを立て直し、前に進むことができます。
自分の価値観や能力に大きな自信を抱いており、自分の可能性にかけて壮大な夢を追いかけたいという願望を持っています。
ただの理想主義者ではなく根性も人一倍あり、一度決めたことに対する粘り強さには目を見張るものがあります。
しかし、盲目的ではなく常に客観的な視点で公平に行動することができるため、周りから好感を持たれることが多いです。","恋愛に対してとても真剣で、結婚を見据えた交際をする傾向があります。
遊びの恋は好まず、好きになった相手に全力で思いを捧げ、大切に関係を育みます。
恋愛にはとても積極的で、好きになったらガンガン相手にアプローチし、その情熱と堂々とした振る舞いで相手の心を掴みます。
一方で自立した付き合いを求める傾向があり、恋愛であっても干渉や依存はするのもされるのも嫌います。
お互いを尊重したうえでじっくりと信頼関係を結び、お互いが自分の時間を大切にできるような関係性を好みます。
どちらかというとパートナーとは親友のような関係性になることが多いため、別れた後も友人として関係が続くことも少なくありません。"
4,https://unkoi.com/article/animal_tiger4/,"自由と平等を尊重し、誰にでも優しさを振りまく性格の持ち主です。
気さくで明るく、不思議な親近感があり、誰とでもすぐに打ち解けることができます。相手の立場や年齢に関係なく、すべての人と平等に付き合います。
自分には厳しいところがありますが、他人には優しく、また頼まれたら嫌とは言えない献身的な性格で、多くの人に慕われ、相談を持ち掛けられることが多いです。
フットワークも軽く、どのグループにもスッと溶け込むことができるため、交友関係が広いタイプです。
楽天家なところがあり、たとえピンチに陥ったとしても何とかなる精神で案外何でも乗り越えてしまうことも。
一方で、一度やると決めたら曲げないストイックな一面があり、普段はあっけらかんとしつつもやるべきことはやる姿に好感を持つ人は多いです。","物事を多方面から見ることができる俯瞰的な視野と、粘り強い柔軟性で成果を上げていく人生を送ります。
イレギュラーな事態が発生しても動じない落ち着きがあり、トラブルに強いのが強み。
また、ポジティブな思考でどんな困難な場面も乗り越えていくため、生涯を通して多くのことを成し遂げていきます。
全体的に能力が高く精神面も熟していますが、決して驕り高ぶることがないため、多くの人に慕われ幅広い人脈を築いていきます。
冷静な判断力と広い視野、そして人望の厚さから、人の上に立つ役割が回ってくることが多いといえます。","すべての人に平等に接する温厚な人です。
優しくて面倒見が良いので人に好かれやすいですが、人に目をかけすぎて自分の世話を忘れてしまうことも。
それくらいお人好しでとても純粋な性格をしており、見聞きしたことを疑わずにそのまま信じてしまうほどピュアなタイプです。
基本的にマイペースで勘は鈍いものの、冷静な判断力とたくましい実行力を兼ね備えており、多くのことを成し遂げます。
ただ、やる気が空回って散漫になると中途半端に終わってしまうことがあるため、持ち前の冷静さを活かして落ち着いて周りを見渡すことが大切です。","客観的に物事を考える意志の強い人です。
どんな時でも冷静に大局を見つめ、先入観や他人の意見に左右されずに物事を判断できる人です。
また、事前準備をしっかりと済ませてから動く慎重なタイプで、決して軽はずみな行動はしません。
物事を完遂させる能力が高いうえに、どんな時も慌てずどっしりと構えているため、周囲から頼りにされることが多いです。
誰にでも分け隔てなく接し受け入れる度量の広い人ですが、筋の通らないことは決して受け入れない一本気なところがあります。
一方で柔軟性もあり、物事も人間関係も器用にこなしていく世渡り上手でもあります。","恋愛でも1人の相手と誠実に向き合い、一途に相手を愛しぬくタイプです。
好きな人ができたら真っすぐに想いを伝え、少しずつ距離を縮めていきます。
優しいようでいて意志が強く、相手に好きな人がいたり、一度や二度振られたりしたくらいでは諦めず、アタックし続けます。
相手を振り向かせるための努力を惜しまず、真剣に想いを伝え続ける真摯な楽天的な虎の姿に自然と心を掴まれ、虜になる人は多いでしょう。
そんな一本気な楽天的な虎は、天性の甘やかし上手でもあります。自立心の高い甘え下手なパートナーが相手でも、スッと相手の心の柔らかい部分に入り込み、心を開かせることができます。
一方で、お付き合いでは主導権を握るタイプで、相手の気持ちを汲み取りながらうまくリードしていきます。"
5,https://unkoi.com/article/animal_tiger5/,"とても正義感が強い性格の持ち主です。曲がったことや理不尽なことは許しません。
しかし、普段はとても穏やかで、争い事を好まない穏便な性格をしています。
「自分はこうしたい！」そう思ったら相手が誰であっても物怖じせず、堂々と自分の意見を述べる度胸があります。
自分を一方的に押し出すことはせず、相手を尊重しながら調和を図る平和主義者でもあります。
調和を好む優しさの中にピシッとした芯を持つパワフルな虎は、周りからの信頼も厚く、リーダーとして頼られることも多いです。
弱きを助け強きを挫く性格は、時に損をすることもありますが、そんな不器用なところもパワフルな虎の魅力といえます。","七転び八起きの大器晩成型です。
好奇心が旺盛で行動力抜群なパワフルな虎は、興味を抱いたらすぐに行動する積極派です。ただ、フットワークが軽いぶん、思慮深く取り組んだり、腰を据えてコツコツと取り組んだりするのは苦手なところがあります。
軽率に動いてしまい、結果的に大失敗することも少なくありません。でも、へこたれない強さと前向きな性格なので、失敗を重ねながらも地道に経験やステータスを積み上げていきます。
若い時も勢いがありますが、晩年のほうがより充実した人生を送ることができます。","迫力抜群の姉御肌タイプ。
外見は少女の頃から落ち着いており、大人びた雰囲気がありますが、年を重ねるほど若々しくなっていき、年齢不詳と言われることが多いです。
一度決めたことは守りぬくというまっすぐな性格で、責任感が強くリーダー的な役割を任されることが多いです。
また、お金や名誉にこだわる野心家でもあり、欲しいものを手に入れるための努力は惜しみません。
基本的に調和を好むので自分からトラブルを起こすことはありませんが、プライドが高く、自分の考えを曲げないため、時折周りと衝突することがあります。","オープンでさっぱりとしています。
誰に対しても忖度せず、明るく接する男性のパワフルな虎は、みんなの人気者です。
頭の回転が速く、1を聞いて10を知るタイプ。
せっかちな性分でなので時折早とちりもしますが、何でもテキパキとこなして物事を進めていく行動力の持ち主です。
責任感も強く、手がけた仕事は最後までやり遂げるなど信頼できる人物です。
ただ、若いうちは自尊心が強く、自分の力を過信してしまうことがあります。あまり自分を買い被ってしまうと必要な成長ができません。
謙虚な気持ちで物事に取り組むように心がけたいところです。","地に足がついた落ち着いた恋愛を好みます。
強い自我と行動力を持つパワフルな虎は、たとえばカーストの中でも陽キャの1軍に所属するタイプ。
グループの中にいてもひときわ目立つ存在なので、異性から好意を寄せられることも多く、はっきりいってモテます。
しかし、自分から積極的に恋をするタイプではなく、恋愛の始まりも友人や仲間として過ごしているうちに親しくなり、自然にカップル成立となる傾向です。
交際でも、自分のことより相手を尊重して盛り上げようとするなど、恋人を楽しませることを優先させます。
早いうちから結婚を視野に入れることも多く、安心感のあるお付き合いをしていきます。浮気をすることもなく、堅実に交際を進めていきます。"
6,https://unkoi.com/article/animal_tiger6/,"控え目で謙虚、おっとりした雰囲気で調和を好む優しい性格です。
温厚なイメージですが、本当は頭の回転が速く、臨機応変に対応したり、物事の本質を素早く見抜いたりすることができるキレ者です。
そんな慈悲深い虎ですが「認められたい」「上に立ちたい」などの野心はあまりなく、どちらかというと地道に生活していく堅実なタイプ。それでいて理想を求めるロマンチストであるため、一見わかりにくいタイプかもしれません。
人のために尽くすことに喜びを感じる献身的な魂の持ち主で、積極的にボランティアに参加することも多いです。親切で面倒見も良いため、多くの人から愛され、慕われています。","隠れた立役者として人生を謳歌するタイプです。
細やかな気づかいと温厚な性格の慈悲深い虎は、人生においてどちらかというと引っ込み思案で損をすることが多いかもしれません。
特に、幼少の頃は優しさゆえに目立つタイプに押しやられ、何となく理不尽な思いをすることがあります。
しかし、穏やかな人間関係に守られることも多く、大きな危険に遭遇する可能性はかなり低いです。
なお、無意識に争いを避けようとしてしまい、人生にも人にも受け身になりがちですが、実はそれが慈悲深い虎の本質に繋がります。
トラブルを回避しつつ、穏やかな人生を送ることができます。","純粋無垢な永遠の少女タイプです。
外見はどちらかというと地味目ですが、小動物のような可愛らしい雰囲気があります。性格も控え目で大人しく、誰にでも親切です。
少しお調子者という一面もありますが、そこもご愛敬で周りから可愛がられることが多いです。
流されやすく見えますが、内面は自分の世界観をしっかりと持っており、周りに影響されないしたたかな強さを秘めています。
しかし、現実面では警戒心が薄く、何でも素直に受け入れてしまうところがあり、損をしやすい傾向があります。
また、人前に出るとストレスを感じることが多いです。","温厚で誠実、善意や理想を求めるロマンチストです。
外見は美意識が高くオシャレ、清潔感や透明感溢れる紳士的なタイプ。
しかし、内面はなかなかアクティブで積極的、理想に向かって真っ直ぐに進んでいく情熱的な一面があります。
基本的にプラス思考で壁にぶつかっても簡単に諦めることはしません。
うまくいかない時も慌てず、クールに「別の方法はないかな？」と気持ちを切り替えて正解を求めていくバイタリティ溢れる人物でもあります。
知的好奇心が高く、勉強やスキルアップ好きというのも特徴の1つです。","好きになったら一直線、情熱的な恋愛を好みます。
一見穏やかで控え目な慈悲深い虎は、恋愛に興味がなさそうなイメージかもしれません。でも実はイメージとは正反対の熱愛タイプ。
好きになったら他のことが手につかないくらい恋に夢中になってしまいます。
ただ、気持ちを表に出すことに苦手意識があるため、基本は受け身です。相手の様子を観察しながら、少しずつ距離を縮めていく長期戦で戦うことが多いです。
とはいえ人当たりが良く親切な虎なので、相手から好意を寄せられることも多いです。
なお、交際でもあまり自分から本音は言わず、基本相手に合わせるタイプなのでグイグイ引っ張ってくれる人が合います。"
1,https://unkoi.com/article/animal_racoon1/,"優しく穏やかな性格で、相手に合わせることがうまく、バランスを取りながら接します。
リーダーとして引っ張っていくようなタイプではありませんが、その優しさに惹かれて頼りたいと思う人は多いはずです。
また、謙虚でおとなしく、内気なところがあり、たくさん人がいる中では自分を抑え、引っ込んでしまう恥ずかしがり屋なところも。
しかし、孤独を好むタイプではなく、多くの人に囲まれていると安心する寂しがり屋でもあります。
そんな社交家のたぬきですが、無心なようでいて実は内面ではぬかりなく計算しており、目立たないようでいて実はちゃっかりと良いポジションを掴み取るなど周りを驚かせることがあります。","たくさんの人と交流しながら大成するタイプです。
シャイで控え目な保守的な社交家のたぬきは、若いうちは目立つことも少なく、どちらかというと損をしやすい傾向にあります。
しかし、空気を読むのがうまく、人とぶつかることが少ないです。
加えて理知的で合理的、物事の本質を見抜いて自分のプラスになることを取り入れるのが上手です。見た感じは控え目でおっとりしてますが、意外と向上心が強いところも。
社交家のたぬき自身も努力をするのですが、それ以上に周りから恩恵を受けることも多く、気がついたらちゃっかり大きな成功を手に入れているということが多いです。","物腰がやわらかく穏やかなタイプです。
外見は小動物のように可愛らしく可憐、思わず守ってあげたくいなるようなふんわりとした印象を与えます。
また、引っ込み思案で恥ずかしがり屋ですが、困っている人がいれば声をかけたり、電車の中でも積極的に席を譲ろうとしたり、「誰かを助けたい」というボランティア精神に溢れています。
目立つことが苦手ですが、いざという時はパワーを発揮する強い一面もあり、周りから頼りにされることも多いです。
ただ、自己肯定感が低めでもあるため、経験を重ねて自信を持つと人生の豊かさが増していくはずです。","物静かだけど社交的で友達が多いタイプです。
外見は飾り気がなく地味ですが清潔感がありクール、人畜無害な草食系といった印象です。
内面も外見通りに控え目でおとなしいのですが、社交的で人と接することが大好き。1人で過ごすよりも大勢の中で賑やかに過ごすことを好みます。
人当たりが良く、相手に合わせて自分の出方を決めるため衝突することも少なく、人脈を広げるのがとても上手でもあります。
また、責任感が強く、一度取り組んだことは最後まで粘り強く頑張るため、周囲から厚い信頼を寄せられます。","時間をかけて愛を深めていく穏やかな恋愛を好みます。
相手に合わせるのが得意な社交家のたぬきは、人当たりが良く社交的、割と自分から人に合わせていくタイプですが、恋愛に関してはシャイで奥手といえます。
友人や仲間など身近な人と恋に落ちることが多く、時間をかけて信頼や関係性を深めていきます。
お付き合いの始まりも、自分から告白する、というよりは自然な流れで「いつの間にか付き合っていた」となることが多いです。
交際では自分のことより相手を優先するタイプ。サービス精神が旺盛で、恋人が喜んでくれることが自分の喜びになります。
ただし、尽くしすぎるあまり、自分がストレスを溜めこんでしまうことが多々あります。"
2,https://unkoi.com/article/animal_racoon2/,"笑顔が素敵な磨き上げられたたぬきは、人当たりが良く、温厚な性格の持ち主です。
優しく柔和な印象から溢れ出る、その愛嬌の良さや穏やかな雰囲気から周囲の人から親しまれます。
一方で、目立つことは苦手で少し引っ込み思案なので「おっとしている人」「何となくのんびりしている」という印象を与えることが多いです。
しかし、意外と鋭い観察眼を持ち、物事の本質や相手の隠し事を素早く見抜いてしまうタイプといえます。
また、愛嬌のあるイメージとは裏腹に、プライドが高く激しい気性の持ち主で、物事に対する「好き嫌い」もはっきりしています。
なお、持ち物の管理が苦手で、部屋の中が乱雑だったり、忘れ物が多かったりするのも特徴の1つといえます。","苦労が多い人生になりやすい傾向があります。
穏やかで愛嬌たっぷりな雰囲気と鋭い観察眼を持つため、見た目と内面のギャップから誤解されやすい傾向があります。
また、伝統やルールを守ることを美徳とするタイプで、理想に向かって突き進む完璧主義。他の人なら適当に済ますところでも、ついつい頑張りすぎてしまいます。
責任感の強さや真面目さは周りから信頼されますが、ストイックすぎてストレスを溜め込むことも少なくありません。
しかし、努力の分だけ実績ももちろん上がっていきます。苦労しながらも堅実な人生を歩んでいくことができます。","控えめながらも相手を魅了するタイプです。
外見はおしとやかな和風美人という雰囲気、地味系ですが、可憐で可愛らしく、不思議な色気と魅力があります。
しかし、内面は気まぐれで感情的なところがあり、外見とのギャップが激しいタイプ。
人当たりが良く謙虚だからこそ、深く付き合っていくと内面とのギャップに驚かされますが、そこが小悪魔的な魅力でもあります。
目立つことは苦手ですが、かといって注目されないのも嫌。実力は高いのですが、自分が無理しない立場やNo．2をキープすることが多いです。","温和だけど人との距離をしっかり取っているタイプです。
外見は大人しく控えめ、清潔感はありますが、地味で目立ちにくい雰囲気の持ち主です。
内面も自分から積極的に前に出ることはせず、人との距離を取りながら自分のテリトリーをしっかり守ろうとします。
争い事は極力避けたいタイプで、相手に対しても余計な干渉はせず「人は人、自分は自分」というスタンスを貫くため、少し冷たいと感じる人がいるかもしれません。
でも責任感が強く、頼まれたことは最後までしっかりやり遂げる粘り強い性格です。誠実で真面目な人柄は多くの人から頼りにされ、重宝されます。","恋愛において、時間をかけて大切な人との関係を深めていくタイプです。
人当たりが良いのですが、ほどほどの距離感を好むため、恋愛に対して奥手な傾向です。
職場の同僚や友人など、普段から接する人の中で恋が芽生えて少しずつ育てていくスタイルが多く、1人の人と長く付き合っていき、そのまま結婚に至ることも多いです。
ただし、女性の場合は気まぐれなところがあるため、1人の人と別れたり付き合ったり、を繰り返す場合があります。
なお、付き合っていても自分の時間は大切にしたいタイプで、相手の出方を見ながら調整しているところがあります。
情熱的に付き合うというよりは、静かな情熱でゆっくりと愛を育んでいくことを好みます。"
3,https://unkoi.com/article/animal_racoon3/,"いつでもポジティブで前向きな性格の持ち主で、失敗してもクヨクヨせずにさっさと切り替えて前に進む強さを持っています。
執着するのもされるのも苦手、束縛よりも自由を愛し、思いのままに行動することが多いものの、愛嬌があるので誰からも好感を持たれます。
しかし、自由といっても夢見がちなわけではなく、意外と地に足がついた現実派で、任された仕事は堅実にこなしていきます。
人の話をよく聞くことができるので、感情移入しすぎて「この人の望みを叶えてあげよう」となり、自分の本音を抑えつけてしまうことも。
でも、その性質はサポート役に最適で、リーダーを助けているうちに自分がしっかり実権を握っていた、なんてこともあります。","若い頃からコツコツ努力や学びを積み重ねることによって成功に近づいていく、まさに大器晩成型です。
自由奔放で、ただただ毎日を楽しんでいるように見えますが、その実は裏側で地道な努力を続けています。
うさぎと亀でいえば、まさに着々と成功に向かって歩み続ける亀タイプです。
また、意外と野心家で成功や出世を求めるところがあるので、大きな夢と理想を抱き、それを叶えるための長期的な計画を立て、それに向かって頑張ります。
金運もやはり晩年に大きくなり、大きな財産を築いてゆったり暮らします。","可愛らしさが際立ち、ついつい甘えさせたくなる雰囲気を持っています。
物腰が柔らかくて控えめ、あまり自己主張せず受け身なので、誰からも好かれるマスコット的存在になれます。当然、男性からの人気も上々です。
しかし、仲良くなってくると実は自由でワガママな面が顔を出し始めます。
穏やかそうに見えても、本来は感受性が豊かで喜怒哀楽も激しいところがあるので、それをずっと我慢しているとストレスが溜まってしまいがちです。
案外とおおざっぱなので、細かい気配りや作業はちょっと苦手といえます。","直観力と洞察力が秀でており、人が考えていることをうまく読み取る才能があります。
何に対しても執着心がないため、ライバル視されることはないのですが、実は虎視眈々と自分が成功するためのチャンスを狙っているため、結果が出るのはやや遅め。
直観と自分の経験に裏打ちされた能力のおかげでタイミングは逃しません。
しかし、執着がないのでうまくいかないと「まあいいか」とあっさり次に行ってしまいます。
後ろを振り返らないポジティブさは魅力ですが、もう少しだけ粘る気持ちを持つと成功も早まります。","ズバリ安心感です。お互いを焼き尽くすような情熱よりも、むしろ陽だまりのような温かさを求めます。
真面目で、結婚を前提とした恋愛を好むことから、お付き合いまでに時間がかかりますが、じっくりとお互いを理解し合うので「こんなはずじゃなかった」ということにはなりません。
そのため、一見恋愛に興味がなさそうに感じますが、それはちょっぴり理想が高いこと、そして、お互いを知ってから安心して好きになりたいと思っているがゆえなのです。
お付き合いが始まる前からそうですが、相手のことを尊重し、包み込むような愛情を注ぎ続けます。付き合い始めると、さらにその包容力を発揮し、着実な絆を築いていきます。"
4,https://unkoi.com/article/animal_racoon4/,"柔軟な思考を持つ好奇心旺盛な性格の持ち主です。頭の回転が速く、即断即決が得意です。
また、その場を和ませるのがとても上手です。険悪な雰囲気をいち早く察し、上手に揉め事を仲裁し、和やかな雰囲気へと導く才能も持ち合わせています。
もともと誰に対しても誠実で礼儀正しく、平等に接するので、みんなもその意見に耳を傾けてくれます。また、人の話を聞いて間を取り持つのがうまく、少数派の意見も拾い上げて反映させていくので多くの人に慕われます。
常に穏やかで事なかれ主義を貫いているように見えるのですが、内面は意外に情熱的。これ、と目標を定めればたとえ壁が立ちはだかったとしても、障害を乗り越えていく強さと集中力を発揮してやり遂げます。","人を見る目があり、さらに処世術に長けているので、あまり苦労することなく、上手に人生を渡り歩いていけます。
揉め事を嫌う平和主義なので、多少嫌なことがあっても我慢するのではなく上手にスルーしていきます。
どこか達観した雰囲気がありますが、本当にやりたいことが見つかればそれに集中し、強い意志を持って突き進みます。
多少のことでは意見も曲げないし、心も折れませんが、限界を自分で察するのが苦手なところがあり、ふいに電池が切れたようになってしまいます。
計画を立てたら、その中に休息もしっかりと組み込むと良いでしょう。","どちらかというと古風な雰囲気を漂わせる、おっとりしたタイプです。まさに大和撫子という言葉がピッタリ。
その穏やかな笑顔やゆったりした佇まいは周囲をふんわりと和ませ、たとえ険悪なムードであっても不思議なほどに緩んでしまいます。
しかし、守ってあげたいような雰囲気とは裏腹にその芯は強く、一度決めたことは最後まできっちりやり抜こうとします。
ふわふわしたように見えても中身はかなり現実的で、見た目の格好良さよりも中身重視。その人の人間性を鋭く見抜き、安定感のあるお付き合いを好みます。","行動力と決断力がずば抜けており、どんなことも的確かつスピーディーに処理していきます。
たとえ失敗しても落ち込まず、それをばねにしてどんどん伸びていくことができる強さも持ち合わせています。
もともと発想力が豊かで、それを素早く実行に移す力もあるので、それが仕事にできれば結果とやりがいがついてきて、胸の内に秘めた情熱がどんどんと燃え上がってきます。
常に手を抜かず、小さなことでもきちんとやり遂げる姿は周囲からの信頼を集め、次第に一目置かれる存在になっていきます。","とても恥ずかしがり屋なことから、恋愛に対してはかなり奥手です。好きになっても自分からのアプローチは苦手です。
でも、誰に対しても優しく誠実に向き合い、かつどんな時でも優しく包み込む包容力があることからかなりモテるので、相手から積極的にアプローチされてお付き合いに至ることが多くなります。
恋が始まると相手に対してとても一途に向き合い、時間をかけて関係を育てていきます。そのため、一度お付き合いするとそのまま結婚に至ることも多いです。
自分自身が誠実であることから、相手にももちろんそれを求めます。浮気や嘘、裏切りは許せず、普段の優しい態度からは想像もつかないほど厳しい対応に驚くかもしれません。"
1,https://unkoi.com/article/animal_cheetah1/,"積極的な性格の持ち主で、考えるより先に動くタイプです。
行動力があり、思い立ったら動かずにはいられません。興味を引かれるもの、やってみたいことがあれば、パッと行動を起こします。
また、白か黒か、イエスかノーか、ハッキリさせたがる傾向があります。中途半端な状態のままいるのは耐えられません。
正義感が強く、曲がったことはたとえ身近な人でも許しません。頑固なまでに真面目で誠実な性格で、裏表のない正直者です。
少々プライドが高いところもあり、自信過剰になる時があります。ただ、そのぶん自信を裏づけるだけの努力もしっかりとできる人です。
華やかな雰囲気を持ち、人の目を惹きつける魅力があります。","大きな目標を掲げて追いかける人生を送ります。興味を持つものに片っ端から挑戦していきます。
そしてやがて、これこそライフワークだと思えるものを見出し、それを生涯かけて追い求めていきます。
何をするにも人に頼らず自分の力でしっかりと歩んでいける人です。
1つのものにじっくりと取り組む粘り強さもあれば、頭を切り替えて方向転換する臨機応変さも備わっています。そのため、こだわりすぎず、うまくいく道を選んで進んでいきます。
そんな中、人には真似できないような大きな成功を掴み取ることもできるはずです。","姉御肌でしっかり者なタイプです。自分のことも周りのことも大事にできます。
負けん気が強く、男性とも対等にやり合っていきます。違うと思えば、上司だろうと身近な人だろうと、どんな相手でもハッキリと意見を伝えます。
とてもパワフルで、仕事も恋もまっすぐに向き合っていける人です。
自分がやりたいことや自分なりの信念をしっかりと持っていて、それを追い求めることに喜びを見出します。
小さな世界に閉じこもっていられず、広い世界に飛び出していきます。視野が広く大胆に動ける人なのです。","実行力抜群なタイプです。何事も有言実行で、言ったことは必ず守ります。
真面目で頑固なまでに正直者ですから、周りからの信頼は厚いです。自然と周りにとってリーダー的存在として見られやすく、頼られると引っ張っていきます。
自ら道を切り開いていく積極性や行動力があり、良きリーダーとして頼られる存在です。
媚びるわけではありませんが、忠実に目上の人に尽くすこともできます。目上の人から可愛がられ、引き立ててもらいやすいはず。
親しみやすく、女性の目を惹きつける魅力があります。","一見すると奥手でも、実は情熱的な一面を秘めています。
恋をすると、まずは慎重に距離を縮めていきます。相手にどう思われているか、相手がどんな人を求めているかをしっかりと見極めようとするのです。
そのうえで、この恋に脈があると感じられたら、少しずつ踏み込んでいきます。確実に恋を進めていけるよう、自分なりにアプローチ方法を模索しながら近づいていきます。
相手からすると、好意を感じられるのになかなか踏み込んでこないため、もどかしく思うかもしれません。それぐらい、慎重にじっくりと仲を深めていこうとするのです。
だけど、一度お付き合いが始まれば、とても一途で信頼できるパートナーとなり、真剣交際ができます。"
2,https://unkoi.com/article/animal_cheetah2/,"好奇心旺盛な性格の持ち主で、興味を持つと迷いなく飛び込んでいくタイプです。
自分なりの理想を高く持っていて、それを追い求めて挑戦を重ねます。視野が広く、より大きな世界で活躍したいという願望を秘めています。
前向きで常に前進していこうとする一方、周りを顧みる余裕を無くしてしまうことも。そんな時に、周りから批判されたり、衝突したりすることもあります。
全力疾走するチータは自分の進むべき道を突き進むことが最優先のため、批判を恐れることはありません。失敗してもすぐに切り替え、新たな道を模索していきます。
人に対しては人見知りせず、誰とでもフレンドリーに接します。人を惹きつける魅力に溢れているため、人間関係は広いほうです。","文字通り全力疾走で駆け抜けていきます。
やってみたいこと、進みたい道が見つかれば、ためらいなく飛び込んでいきます。何ら迷いはなく、自信を持って突き進んでいきます。
逆境はむしろ情熱を掻き立てるものとなるため、自ら高いハードルを課すこともあります。野心を胸に秘めていて、それに向けて努力も重ねていく人生となります。
大きな目標を追い求めていき、どんなに高い壁であっても、それを乗り越え、達成を目指すことに喜びを見出します。
最終的に、大きな目標を達成して成功を掴み取ることも十分可能です。","こうと決めたらまっすぐに突き進むタイプです。
自分の目標を掲げると、必ず達成するのだという強い意志で取り組みます。そして、達成するまで決して諦めません。
自分の意志にこだわるあまり、頑固で融通が利かなくなってしまうこともあります。それでも、自分の思うままに生きることにこだわり、そこに喜びを見出します。
周りが驚くほどの大きな野望を秘めていて、そのために努力も重ねていきます。歳を重ねるにつれ、大きなことを成し遂げていき、周りから一目置かれる存在になるはずです。","自分の世界をしっかりと持っている人です。広い世界で活躍できることを望んでいます。
自分の価値観や生き方、考え方にこだわりがあり、それを批判したり踏み込まれたりするのを嫌がります。プライドが高く、常に人より優位に立っていたいという思いがあります。
また、正義感が強く、曲がったことを正したり間違っている人を諭したりする労力を惜しみません。何をするにも完璧にこなそうとする傾向があり、力を抜くのが苦手です。
周りからは信頼され、安心して大事な役割を任せてもらえるはずです。","異性からはモテやすいタイプです。華があって異性の目を惹きつける魅力があり、出会いには困りません。
ただ、理想が高いところがあり、そう気安く相手を受け入れることはありません。自分の理想に適う、条件面の良い相手を選びます。
恋愛に対しては自分から積極的にいきたい人で、受け身で待っていることはありません。好きになったら何が何でも振り向かせるつもりで精一杯アプローチします。
ただ、どんなに情熱的な恋であっても、短命になりがち。相手に対する好奇心が長続きしにくく、どんどんと相手を変えてしまうことも。
気持ちが冷めるとさっと切り替えて次の恋に進もうとします。一方、運命の相手に出会うと、一気に結婚まで駆け抜けていきます。"
3,https://unkoi.com/article/animal_cheetah3/,"エネルギッシュな性格で、即断即決即実行の行動力の塊のような人です。
まさに獲物を狙うかのように決めたら迷わずに突き進むので、チャンスを逃すことはまずありません。自分の目標に向かって突き進みます。
また、自分が放つ輝きによって人から一目置かれることを望みます。たとえ道のりは地味でも華やかで大きな結果を出すことで周囲からの注目を集めようとします。
当然そのための努力は欠かしません。そんなストイックさもありますが、それを表に出すことも人に押しつけることもありません。
周囲には穏やかに接し、みんなを楽しませることが大好きです。誰に対しても気取ることなく気さくに接し「あの人は凄いけど面白いんだよね」と周囲から親しまれます。","それを手にする努力を欠かさないことから、望むものを手に入れやすいです。
そして、どちらかというとお金や物など、形に残るものを欲します。そのため、恋をしても、結婚をしても、それをパワーに変えて仕事に邁進します。
しかし、ある程度年齢を重ねて落ち着いてくると精神的な豊かさに目を向けるようになります。
実はそれほどメンタルが強いわけではないので、人生の後半は寄り添ってくれる存在のありがたみを強く感じるようになります。","今だと思ったら抜群のスピード感で行動し、確実に欲しいものを手に入れていくタイプです。
それは、仕事においても恋愛においてもそうです。ただし、勢いだけで手に入らないことも理解しており、その下地となる自分のスキルや美貌を磨き上げる努力は怠りません。
常に準備万端の状態にしているので、チャンスを逃すこともありません。
また、一度失敗したくらいではめげないパワフルさも魅力です。粘り強さはあるものの、気は短いので駆け引きしようとする相手に対しては、さっさと見切りをつけて次にいくドライさも持ち合わせています。","頭の回転が速く、何でも即断即決する人です。
決断力と実行力に優れたうえに頭が切れるので、人の何倍ものスピードで結論を出していきます。
新しいものに目がなく、好奇心のままに動き回ります。
楽天的かつ野心家で「自分はもっと上にいける」「もっと広い世界がある」と思っているタイプです。それは仕事でも恋愛でも発揮され、常に難易度の高いことに挑戦していきます。
特に恋愛では直感に素直に従って心のままにアタックし続けます。問題は、手に入れると一気に気持ちが冷めてしまいやすいことで、相手はその温度差に驚かされます。","異性からモテるタイプです。人を楽しませることが好きでサービス精神旺盛のため、自然と人が集まります。
また、誰に対しても優しく接するので、八方美人と誤解されたり、意中の人に理解してもらえなかったりすることもあります。
恋のチャンスはとても多いのですが、本気の恋愛をすれば結構一途です。恋人には優しく、献身的に接します。
好きなタイプは向上心があり、チャレンジ精神に富んだ人です。自分も常に上を目指すタイプなので、同じような傾向を持つ相手とは、お互いに刺激し合うことができるからです。
また、意外に打たれ弱いところがあるので、そんな時にも「大丈夫」と明るく励ましてくれる大らかな人も好みです。"
4,https://unkoi.com/article/animal_cheetah4/,"人当たりが良く、面倒見が良いので、多くの人から好かれ、また信頼されます。リーダータイプではあるものの、ワンマンではありません。
自分を慕ってくる相手はとことん可愛がり、もっと相手を喜ばせたいと努力や献身を重ねるところがありますが、時におせっかいすぎる一面も。
人の好き嫌いがハッキリしており「この人は無理」と思ったら絶対に近づきません。
品格のあるチータのセンスは良く、どんなファッションも着こなします。より良く見せるために勉強に励んだり、自分のスタイルに気を配ったりします。
常に良く見られたいプライドの高さ、そして同じく高い成功願望のため、陰で努力を積み重ねていくタイプです。","明確な目標があるかどうかで、人生の難易度が大きく変わります。
成功願望が強く、それに向かって努力し続ける力を持っているため、目標があればそれに向かってひたすら突き進むことができます。
しかし、いったん目標を失ってしまうと、同時に「自分は何のために生きているのか」のような漠然とした不安に苛まれ、思いがけない方向に走ってしまうことがあります。
常に目標を掲げ続けていればスムーズですが、トラブルに巻き込まれると、そこから波乱万丈になる可能性があります。困った時に励ましてくれる相手がいれば安泰です。","常に前向きで明るさとユーモアを忘れません。常に強気で、人によってはワガママと感じてしまうところも。
気分屋なところはあるものの、目標をしっかり定めれば手に入れるまでひたすらに努力し続けることもできます。
人を楽しませることが大好きで、気さくなので異性からの注目度は高くなります。
恋愛至上主義で、恋を自分の活力や、やる気に変えていくタイプです。結婚すれば家族を大切にし、仕事も家事もバリバリこなすパワフルウーマンになります。","気づかい上手なお人よしです。
明るく社交的で他人の心を開き、その細やかな気づかいで相手の心をがっちりと掴んでいきます。それをひけらかさないのが良いところです。
人の好き嫌いはハッキリしていますが、「嫌い」ではない人からの頼まれ事は嫌と言えずに受けてしまう気のいい人でもあります。
恋愛はスピード勝負で、初対面でいきなりお付き合いを申し込んだり、短期間でプロポーズをしたりします。
しかし、自由でいたい気持ちが強いので、束縛されるのはやや苦手です。大らかなパートナーを望みます。","一目惚れもよくある恋多きタイプです。
センスが良く、見た目には常に気を配っているために、当然ながら、異性からの注目を集め、かなりモテます。自分からいかなくても向こうから恋のチャンスがひっきりなしにやって来ます。
駆け引きが苦手なので、好きだと思った相手にはまさに直球勝負。正面からストレートに情熱をぶつけていきます。
たとえ断られたとしても、一瞬落ち込んでからすぐに立ち直り、またアタックする粘り強さと切り替えの早さも持っています。
恋愛ではどちらかというと自分が主導権を握りたいので、それを認めて素直に合わせてくれるようなパートナーなら相性が良いでしょう。"
1,https://unkoi.com/article/animal_koala1/,"客観的な視点で現実的な性格の持ち主です。
自分がこれ、と決めたことにとことんのめり込み、そこで抱いた夢に向かって現実的な計画のもとにひた走り、成功を手にする力を持っています。
長期的な視点を持つ力がある半面、せっかちなところもあります。そのため、普段は動きながら考えることも多いです。
社交的で人当たりが良いのですが、完全に心を開くまでには時間がかかります。人を見る目があるので、深いお付き合いをする相手選びは完璧です。
やや神経質な面があり、1人の時間も大切にするので、常に人がいる環境に晒されるとストレスが大きくなり、孤独が恋しくなるタイプです。
何かにつけて0か100かのように極端になりやすい一面もあります。","人生をかけて大きな目標をクリアしていく傾向にあります。
長期的な視点を持ち、確実に一歩一歩、夢に近づいていく方法を見出し、実行していきます。その堅実なスタイルは周囲からの信頼を厚くし、多くの応援を呼びます。
フットワークの軽い子守熊は、何かしら目標を持ち、それに向けて情熱を傾けていないと、どこか物足りなさを感じ、満たされない気持ちが湧き上がります。
せっかちさが顔を出し、今すぐ何とかしようとしがちですが、焦りは禁物。一生をかけて大きな目標を達成する気持ちでいれば、人生が充実します。","夢を現実にするのが得意です。
普段は短期でややせっかちなところが目立つものの、自分が叶えたい夢に対しては粘り強く、長期的な計画を練って着実に現実化していきます。
何度失敗しても、今がダメでも「終わり良ければ総て良し」という感覚を持ち合わせています。
人の考えが自然と読めるので、相手が望んでいることを先回りして与えることで良い関係を築いていくことができます。
ベタベタした関係は意外と苦手で、1人の時間が必要なタイプですから、恋人にはそれを理解してくれることを求めます。","周囲の目も意見も気にならないマイペースなところがあります。
直観力が優れているため、そんな自分を受け入れてくれる人を見極めるのも上手です。
物事の本質を見抜くのも得意で、着実な未来を予測し、対策を練ることができます。ただし、やや勘違いしやすい面があるので、そこは注意が必要です。
また、自分の道を突き進みすぎることがあり、そうなると自分の世界に浸かりすぎて、それ以外のこととのバランスを崩しがち。
恋愛では、そんなところも優しく受け入れつつ、必要に応じてアドバイスもくれるような年上女性を求めます。","高い理想を掲げたロマンチストです。基本的には受け身でやや奥手、恋に恋するところがあります。
しかし、気配り上手で共感力が高く、どこか上品さの漂う身のこなしを持っているため、異性からの人気度は高め。自分から積極的に動かずとも恋愛のチャンスが次々に訪れます。
自分が好きになったらとことん一途です。愛情を表現するのは苦手ですが、相手への誠実さは誰にも負けません。
お付き合いが始まったら、お互いの考え方や在り方をそれぞれ大切にしながら、尽くす傾向があります。
自分から積極的に動くタイプではないため、大きな決断を自分で下すのは苦手です。そこが頼りないと感じられたり、優柔不断と誤解されたりすることもあります。"
2,https://unkoi.com/article/animal_koala2/,"面倒見が良く気さくな性格の持ち主です。
また、頭の回転が速く要領が良いので、どんなことでもスピーディーにこなしていきます。
しかし、調子の良い時と悪い時の落差がやや激しく、調子の悪い時には普段の穏やかさが消えて怒りっぽくなり、周囲を驚かせるような激高を見せることもあります。
周囲に上手に合わせていくのでわかりにくいのですが、実は自尊心とプライドがかなり高く、見下すような態度や失礼なことをされると龍の逆鱗に触れたかのように激しく怒り、周囲を驚かせることも。
ただし、基本的には穏やかで常に冷静な目を持っており、トラブルに直面しても落ち着いて打破する方法を探していきます。良いメンターに巡り合うことで大きく飛躍できます。","人生において安定を大切にする傾向があります。
頭の回転の速さや要領の良さ、そして柔軟性を持っているからこそ、どんな時でも状況を冷静に分析し、周囲との折り合いをつけていきます。
そして、穏やかな雰囲気をまとう母性豊かな子守熊は周囲に安心感を与え、またお世話好きな性質を持つことから、その周囲には自然と人が集います。
そうして居心地の良い場所を作っていく力があるので、時にはぬるま湯に浸かったような状態に陥りやすいことも。現状の問題点に向き合い、改善のための行動を取ることで人生が充実します。","言いたいことをはっきり言うのに嫌味がないタイプです。
おとなしそうな雰囲気を漂わせつつも芯は強く、納得のいかないことに対しては毅然と立ち向かいます。
特に自分のプライドを傷つけられるのは許せず、怒りを露わにします。普段は物静かなぶん、そのギャップに周囲が驚いてしまうことも。
慎重派でやや疑り深いため、甘い誘いには簡単に乗りません。
真実を見抜く目と冷静さを持っているので、恋愛においても信頼できる相手をきっちり見極めます。お付き合いが始まると、相手の心に寄り添い、大切に接します。","おとなしそうに見えて内面はかなりのファイターです。
どんな難題が立ちはだかっても、粘り強く向き合い、アタックし続けて最後は勝利を手にする力を持っています。
未来を見通す目は確かなのですが、短期的な展望を立てるのは苦手で考えるより先に体が動くところがあり、それが失敗のもとになりやすいです。
調子が良ければ成功に対する嗅覚が鋭くなりますが、イマイチだとうまくいかないものにしがみつきやすくなります。
元来お世話好きなので、好きな人にはとことん尽くしたい一面が顔を出すこともあります。","好きな人ができたら行動力がアップします。
自分の気持ちに正直なぶん、好きになったら相手のことを知りたい、自分を知ってほしいという気持ちが高まり、それがそのまま行動に反映されます。
普段はおとなしいからこそ、その行動力は異性にとってとても新鮮に映ります。
独りよがりではなく、きちんと相手の考えを読み取って求められる行動が取れるので着々と好意を勝ち取っていきます。
お付き合いが始まるとさりげなく自分が関係をリードしようとしますが、サービス精神旺盛なことから、相手の喜ぶ顔を見たさにあれこれ尽くしてもしまいます。
甘えるのは少し苦手で、自分の想いを素直に表現できずに悩んでしまうこともしばしばです。"
3,https://unkoi.com/article/animal_koala3/,"ルールを重んじる真面目な性格の優等生タイプです。
公正明大でズルいことが大嫌いな正直者。正々堂々と正面から取り組み、コツコツと地道な努力を積み重ねていく努力家です。
野心家で負けず嫌いな一面もあり、自信がない時は裏で練習や勉強をして力をつけてから勝負に挑みます。
また、目標達成への意欲は人一倍強く、一度決めたことは何が何でもやり遂げようとします。
基本的には安定志向ですが、たまに気まぐれな一面が顔を出し、大きく方向転換することがあります。
人間関係においては、人の心を汲み取るのが得意な気配り上手な一面を発揮し、多くの人から慕われます。
しかし、実は好き嫌いがハッキリしており、自分が気に入った人はいっそう大事に接し、そうでない人に対してはスッと身を引く淡白なところもあります。","要領の良さと抜け目なさで着実に成果を上げていく運の持ち主です。
まずは一度疑ってみて、何度も確かめて自分が納得してから動くので、手違いや軽率なミスがほとんどありません。
「これをやれば成功できる」と見極めたことに関しては何が何でもやり遂げようとするため、苦労をしても最後には笑っているという人が多いです。
ただ、気まぐれな一面があり、途中でガラッと方針を変える危うさがあります。その結果が凶と出るか吉と出るかは運の流れ次第のところがありますが、たとえハズレを引いてもただでは起きないので、最終的は持ち直します。","よく物思いにふけっている空想好きなタイプです。
しかし、「ここぞ」という時のパワーはすさまじく、自分の夢に向かってじっくり腰を据えて頑張れる長距離ランナータイプでもあります。
頭の回転が速く処世術に長けていて、おいしいところをサッと持っていくような器用さがあります。
特に、お金に関することはちゃっかりしていて、たとえ大金を失う羽目になってもしっかり元を取る頼もしさがあります。
人当たりが良い一方で、負けず嫌いで理屈っぽい一面もあります。基本的にはあっさりした性格ですが、こだわりの部分では執着を見せます。","マイペースに見えてしっかり得を取る実利主義者です。
基本的に物に対する執着が薄く無頓着ですが、大事なところはしっかり押さえているので大きく損をすることはありません。
生まれながらの天才肌で、何をやっても飲み込みが早く、器用にこなしてしまいます。
ただ、コアラのなかの子守熊の女性は長期的な活動が得意ですが、男性の場合は短距離ランナータイプで粘りに欠けるところがあります。
そのため「面倒だ」と感じると、途中で放ってしまうことも多いです。
基本的に柔軟性がある一方で頑固な一面もあり、自分が納得をしないとテコでも動きません。","計算高く、付き合う相手をしっかり選ぶタイプです。お互いの気持ちだけでなく、相手のスペックや将来性などを鑑みて慎重に相手を見極めます。
しかし、八方美人で良い顔しか見せないため、値踏みしている様子は周りには絶対に悟らせないはずです。
社交的でデキる人が多いため、異性同性問わず人気があるので恋愛の機会は多いはず。
コアラのなかの子守熊も恋愛には「楽しそう」と興味津々ですが、あまのじゃくな一面があり、急に冷めたり、仕事や趣味に気を取られたりと、長続きする恋はそう多くないかもしれません。
器用で世渡り上手な人柄とは裏腹に、実は内心憶病で、自分から好きな人にアプローチするのは苦手です。ただ、ひとたび恋愛スイッチが入ると、押せ押せモードで攻めます。"
4,https://unkoi.com/article/animal_koala4/,"楽しいことが大好きなフレンドリーな性格の持ち主です。明るく活発で、自分が楽しむことも人を楽しませることも大好き。
どんな人に対しても臆せず話しかけることができ、会話力もバツグンです。いるだけでその場をパッと明るくしてくれるような華やかさがあります。
感情が表に出やすく、思ったことをストレートに表現します。それでいて聞いている人は嫌な気はせず、むしろ表裏のない気持ちのいい人と好感を抱いてもらえるのは、ひとえに活動的な子守熊の人柄ゆえといえます。
グループのまとめ役に抜擢されるほどの求心力とバイタリティがあるうえ、頭の回転が速く、瞬時に本質を見抜いて最適解を導き出す頭脳派でもあります。
いわゆる仕事がデキるタイプですが、一方でナイーブな一面もあり、意外と些細なことでひどく落ち込むことがあります。","冷静な洞察力と、力強い上昇志向で運命を切り開いていく人です。
「やる」と決めたらすぐに動き出しますが、事前の準備を入念に行うため、ミスが少なく成功率が高いのが活動的な子守熊の特徴といえます。
たとえハードルが高くても諦めない粘り強さがあるため、最初は苦労をしても最後には夢を叶える人が多いといえます。
ただ、自分のペースを崩されると調子が狂うことがあります。
要領が良く、処世術に長けているため、どこにいても円満な人間関係を築きます。
顔も広く、活動的な子守熊に信頼を寄せる周りの人に担ぎ上げられ、仕事ならスピード出世したり、チームで大きな目標を達成したりと、多くの業績を残すはずです。","バイタリティのある男勝りなタイプです。
いつも明るく前向きで、何事も全力投球のガッツのある人です。気が強く、女性という性にとらわれずに男性ばかりの世界にも果敢に切り込んでいきます。
勤勉なので能力も高く、他の人を差し置いてダントツで活躍を見せるほどの実力者ですが、意外に目立つのは苦手なタイプのため、身を引いて大きなチャンスを逃してしまうことも。
勝ち気ですが情に厚く、涙もろいところがあります。また、人に頼まれると嫌とは言えないお人好しな一面もあり、理屈よりも気持ちや感覚を優先します。","一見素朴に見えますが、内心はトップを目指す情熱に溢れた野心家タイプです。
いつも落ち着いていて、どんなイレギュラーな事態でも冷静な判断を下すことができます。一方で目標達成や利益への意欲が強く、自分の利のためには手段を選ばないような冷徹な一面も。
普段は努力を惜しまない頑張り屋で、誰とでも仲良くできる社交的なタイプ。誠実で人当たりも良いことから、人望も厚いです。
実力も意欲もあるため、仕事では同期の誰よりも早く出世するタイプです。","ロマンチックな恋に憧れる恋愛体質タイプです。
映画やドラマのような恋に憧れ、恋をしていない時も妄想にふけって楽しんでいる人も。そのため恋に落ちやすそうですが、意外に慎重派で、一目惚れなど衝動的な恋に落ちることはほぼありません。
持ち前の冷静な観察眼を活かし、相手の人となりをじっくり見極めて、「この人となら」とお眼鏡にかなった人が見つかってようやく恋心が動きます。そのため、ゆっくりと関係を深めていける学友や職場の同僚が恋の相手になることが多いです。
好きな人ができても自分からアプローチすることは少なく、基本的に受け身です。しかし、お付き合いが始まれば全力で愛情を注ぎ込みます。
自分が一途なぶん、相手にも同じだけの情熱を求め、浮気をされたら一気に冷める傾向があります。"
5,https://unkoi.com/article/animal_koala5/,"豊かな感受性を持つフレンドリーな性格です。
思ったことをすぐ口にするタイプですが、嫌味がなく、むしろ表裏のない態度で好感を持たれる得な人。
頭の回転が速く、その人その人に応じた対応ができる器用さがり、知的な話題からジョークまで幅広く会話できます。
しかし、その社交上手の裏には、根っからの寂しがり屋という側面があります。
コアラ属性には総じて1人の時間がないとダメなタイプが多いですが、夢とロマンの子守熊の場合はずっと孤独なのはダメで、休日も誰かと一緒にいることが多いです。
一方で感受性が豊かなために感情の起伏が激しいところがあり、頑張ってコントロールしようと抑えているところがあります。
強い精神力は粘り強さに繋がり、自分の描いた夢や理想を叶えるまで諦めないたくましさがあります。","人間関係を大切にする情緒的なタイプのため、人生を通じて多くの交友関係を築きます。
広い人脈を持ち、人の縁から新しい人との出会いがあったり、また仕事に繋がったり、時には困っている時に助けてくれる救いの手を得ることができます。
また、さっぱりしているように見えて、精神面が強いのも夢とロマンの子守熊の特徴の1つ。
孤独は嫌いですが、「これ」と決めた夢は他人に頼らずとも成し遂げる気概と根性があります。そのため、夢とロマンの子守熊が追いかける本気の夢は実現する可能性が高い傾向があります。
器用で人付き合いも上手ですが、一時の感情でいろいろなことを失ってしまう危うさも秘めています。我慢しきれず爆発する前に、ストレスを小出しに発散する術を覚えましょう。","抜群の直感力と社交術を持つロマンチストです。
本質を見抜く直感力に優れており、その人の喜ぶツボを見つけて相手を喜ばせることができます。そのため、女性の夢とロマンの子守熊との会話はとても楽しく、周りから好意を持たれることが多いです。
感性も豊かで、他の人とは違う独特なハイファッションに身を包んでいる人も。派手さで目を惹くのではなく、自分に合ったコーディネートを熟知しており、その洗練されたセンスに憧れを抱く人も少なくありません。
また、創意工夫の精神に溢れており、自分も世界も常に変化・成長していくことを好みます。現状に甘んじることを良しとせず、常に進化していこうと切磋琢磨していく人です。","義理人情に厚い努力家です。
基本的にはさっぱりしていて嫌味がなく、温厚な人柄ですが、決して人を裏切らない情に厚いところがあります。しかし、感受性が豊かな反面、時に浮き世離れした思考や理想に走ることも。
内面ではカッとなりやすい面がありますが、相手や状況にうまく合わせて抑えられるため、表面には表れません。その内に秘めた情熱は、夢やロマンに突き進む行動力に強く表れます。
「今回は失敗しても次は必ず成功できる」と前向きな思考を持っており、目標に向かってコツコツと努力を積み重ねていける、たくましい人です。","感受性が豊かなため、精神的な繋がりを感じられる恋愛を好みます。
外見よりも内面重視のため、パートナー選びは慎重派。一目惚れなど衝動的に恋に落ちることは少ないです。
また、欲しいものは必ず手に入れたいタイプのため、好きになったら戦略を練って効果的にアプローチしていきます。
ただし、負け戦はしないタイプのため、手に入らないと思えば早々に次の恋に切り替える合理的な一面も。
お付き合いが始まったら、徐々に人前では抑え込んでいる本音をパートナーに見せるようになります。
パートナーは普段の温厚で気さくな人柄とのギャップに驚くかもしれませんが、負の感情を見せていることこそが夢とロマンの子守熊が心を許している証拠と言っていいでしょう。"
6,https://unkoi.com/article/animal_koala6/,"温厚で優しい性格の平和主義者です。
話し方や動作もおっとりしていて、いるだけで柔らかな空気が流れるような癒やし系タイプといえます。
いつもニコニコしていますが、内心警戒心が強く、本音を言えるくらいに心を許すまで時間がかかります。それに加え、争い事を好まない性格で必要以上に周りに気をつかいます。
相手の意見に何でも合わせるため、時には八方美人と思われてしまうこともあります。
ただ、基本的には生まれ持った気品があり、知性がにじみ出ているため、周りからは「何でも知っていそう」と頼りにされることが多いです。
感性が豊かで美的センスや直感力に優れており、美しいものや心に響いたものを大切にするロマンチストでもあります。","準備を万全に整えてから動くしっかり者タイプで、行動したからには結果を出す、という人生を力強く生きていく傾向があります。
高い分析力と現実的な思考を持って、コツコツと目標を達成していきます。
あまり目立つのは好きではなく、人知れず計画を進めていくため、評価されるまでには少し時間がかかるかもしれません。しかし、着実に成果を上げ、年を重ねるごとに安定した地位を築いていきます。
また、調和を重んじる性格で良好な人脈を築く能力に長けているため、生涯を通じて人間関係は円満ですが、いかに自分の強い警戒心をコントロールし、他人と心を通わせられるかによって人生の充実度も変わってきます。","穏やかで調和を愛する円満な性格です。
物腰が柔らかく、控えめながらも特別な品を感じさせる、まさに大和撫子な女性。その姿に憧れる異性は少なくありません。
争い事を見たくない思いが強く、自分が身を引くことでうまくまとめたいと考えるタイプのため、家族であっても気をつかってしまうことも。
自分の気持ちを伝えるのが怖いため、いろいろと気をまわして気苦労が多いのが悩みのタネといえます。
一方で美的センスに優れていて、洗練されたおしゃれを楽しむ人でもあります。
ただ、感受性が豊かなぶん、付き合うほどに本音が見えて神経質な面が目立ってきます。","気品を漂わせるフランクな人です。
気さくな雰囲気でとても親しみやすく、人から頼まれると嫌といえない人情に厚いタイプ。
また、高い教養を備えているのが外見からもにじみ出ており、何でもそつなくこなす要領の良い人でもあります。
知的で落ち着きのある大人の男性というイメージが強い一方、負けず嫌いな一面やこだわりが強い一面があり、筋が通らないことに対しては断固反対することも。
自分の中に美学があり、それを貫き通すために自分を厳しく律するストイックな部分も併せ持っています。","映画やドラマのような恋に憧れるロマンチストです。
一方で現実的な思考を持っているため、浮き足立った恋愛はせず、真面目にパートナーに向き合い、誠実な恋愛を営む傾向があります。
優しく穏やかなうえ気配りが上手な人ですので、異性からはモテます。
しかし、相手の気持ちを尊重するため、自分の気持ちを伝えるのが苦手で、どうしても受け身になりがち。そのため、チャンスを逃したり、断り切れずに好きではない人と付き合ったりすることもあります。
ただ、お付き合いが始まると、相手の気持ちを大切にしながら、着実に信頼関係を築いていきます。常に相手を喜ばせることを考え、明るく楽しいお付き合いになります。"
1,https://unkoi.com/article/animal_elephant1/,"冷静で慎重な性格の持ち主です。
成功に向けて最短距離で辿り着けるよう、入念に用意をしておきます。そして、いざ進める時は真面目に計画通りに進め、周りからの信頼も厚いです。リーダー役として周りからは重宝され、人を引っ張っていく立場になることが多いです。
また、人気者のゾウは、地道な努力が得意なタイプでもあります。何をするにも正面から向き合い、目標達成に励みます。高い目標であろうと、どんなに険しい道のりであろうと、気にすることはありません。困難も物ともせず、突き進んでいくのです。
さらに、世話好きで奉仕精神が強いところがあるため、頼られると断れません。人のために少々自分が損をしてでも奉仕をするところがあります。","自分らしい人生を追求します。
人に流されたり合わせたりすることなく、自分にしかできない生き方を求めるのです。それでいて孤立することもありません。
周りのこともしっかりと気にかけ、必要な時には協力し合うこともできます。いざという時には助けの手も差し伸べられ、周りのおかげでうまく成功を引き寄せられます。そのため、周りに対してきちんと感謝を示し、必要ならば奉仕します。
人生の目標を掲げると、それに必要なものを1つ1つコツコツと準備していきます。そして、着実に足元を固めながら成功を目指していくのです。","芯が強く自立しています。人に頼るのが苦手で、何でも自分1人で解決させようとします。
一方、人から頼られることは多いです。しっかり者で頼り甲斐があり、周りは安心して大事なことも任せられます。
ベタベタとした付き合いは嫌がり、束縛や干渉されることなく、常に自立して生きようとします。自分のやりたいことは何を言われようと貫きます。そのぶん、人のことも尊重し、少々のことで口を出すこともありません。
とてもさっぱりとした付き合い方をするため、ドライに見られることもあるものの、温かい一面もあります。","高い知性と自立心を備えています。
何をするにも自分で考え、自分で行動し、人に頼ることはありません。人に媚びたり甘えたりすることは決してなく、人と比べることもありません。
常に自分らしく生き、完璧なまでに自分の目標に向けて真っ直ぐに進んでいきます。
人付き合いは多くはなく、1人を好んで自ら人の輪を外れるところもあります。それでも、きちんと周りへの感謝の気持ちを持っていて、必要な時にはさっと手を差し伸べます。
心身共にどっしりと構えていて、少々の問題や困難にも動じず、冷静に解決させられます。","普段は落ち着いているものの、好きな人ができると確実に振り向かせようとする傾向があります。
相手が好むタイプや喜ぶことなどを徹底的にリサーチし、うまく近づいていきます。駆け引きもうまく取り入れ、相手の心をしっかりと掴もうとします。
たとえ振られても、相手についてのリサーチを深めて何度でもアプローチします。この人こそと決めたら、なかなか諦めることができません。
そして、ご縁が繋がると、とても一途で真面目な恋をします。決して相手を裏切ることはありませんし、一緒にいる時はとことん尽くして喜ばせようとします。時に相手が重く感じることさえあるほど、真剣に愛するのです。
結婚前提の恋を望み、早い段階で結婚の話を持ち出すことが多いです。"
2,https://unkoi.com/article/animal_elephant2/,"冷静沈着な性格で観察眼が鋭い人です。
常にリスクがないか、先を読みながら動くことができ、どんな場面でも冷静です。そのため、大きな失敗を避けながらうまく成功へと辿り着けます。
真面目で愛情深く、正義感の強いところもあります。曲がったことが嫌いですし、何かにつけ怠ける人も苦手です。
面倒見が良く、頼られると親身になって手を差し伸べます。周りからは頼り甲斐があると見られ、人から相談を受けることが多いはず。
また、目標に対してコツコツと努力を重ねられます。1つの道を究めて、プロフェッショナルになることもできる人です。
一途で誠実な性格がどんな場面にも表れ、周りから信頼されています。","時間をかけて取り組んだ、努力が報われていく人生を送ります。
地道な努力が苦にならず、長期的な目標もじっくりと取り組んでいきます。そして、最後には周りも驚くような粘り強さで成功させるのです。
大器晩成型で、晩年にはいろんな目標を叶えて幸せを手にしているはずです。
また、常に自分の人生を向上させていきたいという思いを強く持っています。まさに生涯努力する人生といえます。
あれもこれもと追い求めるというより、1つの道をひたすら追求していきます。その道において成功することが、人生の目標となるのです。","真面目で堅実なタイプです。
人に流されたり媚びたりすることはありません。プライドが高く、芯をしっかりと持っていて、自分らしく生きることを重視します。
真面目で努力家で向上心が強く、常に努力を重ねて自分を高めようとします。実力を磨き実績を蓄え、自然と周りからの信頼と尊敬を得られます。
人付き合いにおいては、謙虚で穏やかに向き合えるため周りからも好感を持たれているはずです。
子供のように無邪気なところもありますが、無謀な行動をすることはなく、あくまで頭の中で楽しむだけでしょう。","裏表がなくとても誠実なタイプです。
誰に対しても正直で真っ直ぐに向き合えるため、信頼は厚いです。周りからも頼もしく見られ、注目を集めやすいです。
自然とリーダー的立場に抜擢されることが多く、どんな場でも中心となって周りを引っ張っていきます。
自分なりの目標を常に掲げていて、それを追い求めて努力を重ねることに喜びを見出します。粘り強く取り組み、唐突に成果を上げて周りをあっと驚かせることも。
自分を磨いたり、人生をより良いものにしたりするため、弛まぬ努力を重ねられる人です。","異性からとてもモテるタイプです。異性に好まれる華やかな雰囲気があり、アプローチされることが多いはずです。
ですが、デリケートなゾウ自身はとても一途で、見た目や条件に惑わされたり遊びの恋をしたりすることはありません。
相手の内面まで深く理解し、信頼を築いてから、恋に踏み切ります。そして、心から愛せる人と一途に恋を深めていくのです。
一度恋が実ると、相手のために心から尽くします。深い愛情を注ぎ、誠実に付き合っていける人です。決して裏切ることなどなく、たった1人を愛し続けます。
それゆえに、失恋を引きずりやすく、いつまでも同じ人を愛し続けることもあります。生涯1人の人を愛し続けるということもあり得るでしょう。"
3,https://unkoi.com/article/animal_elephant3/,"とても素直で愛嬌がある性格の持ち主です。
誰とでも分け隔てなく付き合います。あっけらかんとして豪快さもあるので、とても爽やかな印象を周囲に与えます。
また、人生において努力が一番大事、と思っているタイプで、何事にも手を抜くことなく一生懸命に向き合います。頑張り屋なぶん、挫折に誰よりも弱く、なかなか立ち直れません。
さらに、自分は自分、他人は他人と割り切るのが苦手なため、他人に対しても自分と同じような対応を求めてしまうところがあり、時に衝突を呼びます。
コツコツ頑張る力はピカイチで、1つのことに対する集中力は並外れていますが、マルチタスクが苦手なところがあります。","どんなことでも一度決めたら最後までやり抜こうとする性質を強く持って、人生でも大いに活かされます。
それは強い責任感と努力の成し得る技なのですが、周囲はそこに気づかず「あの人は最初から何でもできる人」と思い込まれることが多くあります。
また、リーダーとなるゾウ自身も自分のレベルが高いことに気づきにくいところがあります。そのため、周囲に対しても自分と同じような行動を求めてしまい、反発を受けることも。
自分の素晴らしさを認めると同時に、自分は自分、他人は他人とハッキリ割り切ることを心がけていくと揉め事もなく、頑張りがきちんと賞賛されるようになります。","いわゆる姉御肌のしっかりとした芯を持った人です。
そのため、時折驚くほどの頑固さも発揮しますが、基本的にはフットワークが軽く、行動力に溢れており、仕事はもちろん、休みの日でもあちこち動き回っているタイプです。
グループの中でも自分らしさを発揮し、周囲を自分のペースに巻き込んでいくのを得意としています。奉仕精神が強く、自分が何かをすることで他人が喜ぶ姿を見るのも大好きです。
どんどん行動に移す積極性と、他人に対する優しさはすぐに周囲にも認められ、信頼されるようになります。","いつでも真面目で一生懸命な人です。
多少抜けているところもありますが、普段が自分に厳しすぎるくらいの努力家だからこそ、むしろ魅力的に映ります。足りない部分を補うかのように、ひたむきに頑張り続ける姿は周囲からの賞賛も呼びます。
ただし、それを他人に対して求めると面倒な人と思われ、人間関係がギクシャクする元になります。自分には厳しくても、他人には少し鷹揚になると、周囲とうまくやることができるようになり、自分だけでは成し得ないような大きな目標を達成することもできます。","恋愛においても自分の気持ちをストレートに伝える人です。
直感で恋をするタイプなので、一目惚れもありますが、普段から接している人との間にもふとした瞬間にピンときて、そのまま恋に落ちることもあります。
そして好きになったら自分から積極的にアプローチを開始します。あれこれ駆け引きすることなく、まさに直球で好意を伝え、自分をアピールしていくので恋愛成就度は高めです。
ただし、決して恋愛至上主義というわけではなく、他とのバランスも大事にします。そのため、交際が始まってもその情熱は変わらないし、楽しい時間を過ごすために心を砕くことは忘れませんが、それだけに恋にのめり込むことはありません。"
4,https://unkoi.com/article/animal_elephant4/,"情に厚く仲間想いの性格の持ち主です。温和な雰囲気と上品な色気が溢れ、周囲からの好感度は高めです。
どんな局面においても粘り強く努力し続ける力を持っており、多少のことには動じません。たとえ失敗してもさっと切り替えて次へと進むドライな部分もあります。
他人に対しては細やかな心配りができ、ガツガツしたところもありませんが、親しい人や身内に対しては意外とワガママを見せることも。
冷静に先行きを見通す力はあるのですが、駆け引きや根回しは苦手で、人を動かす立場よりも自分が1人でサクサク動くほうを得意とします。
しかし、決して自分勝手ではなく、約束などはしっかり守る誠実さを持っているので、周囲からの信頼は厚いタイプです。","温和な雰囲気の内側に並外れた根気強さと忍耐力を兼ね備え、人生において大いに発揮されます。
そして、人から認められたい、人の役に立ちたいという気持ちを強く持っていることから、自分のためよりも他人のためにあれこれ頑張りすぎてしまうことがあります。きちんと約束を守り、努力を怠らない姿勢は、それだけで周囲からの信頼を得られています。
もっともっとと焦りすぎず、ゆったり構えていくことが大事です。いつでも人よりも頑張っているのですから、少しだけ力を抜いて、息切れせずに進めるようにすると幸せを感じやすい日々が訪れます。","見目麗しく色気もあるのに、快活でサバサバしていて他人に媚びない人です。そのさっぱりした性格やサバサバキビキビした姿は同性からの憧れも集めます。
どんなことにも思い切ってチャレンジしていき、たとえ失敗したとしてもあまりクヨクヨしません。悩む時間があったら次のやり方を試すべし、とばかりに切り替え、さっと立ち直っていきます。そのため、最終的な成功率は高め。
天才肌というよりは努力型ですが、持ち前の根気や忍耐力、そしてパワフルな行動力でどんな状況も切り抜けていきます。","礼儀正しく品の良さがにじみ出ている人です。
他人に対する気配りが上手で、責任感もあり、約束もしっかり守る完璧主義でもあります。しかし、忍耐力や持続力はやや不足気味なので、時間がかかることは苦手です。スピーディに成功を決めていきます。
また、多少のことでは動じない雰囲気を醸し出し、頼りがいを感じさせます。そして、見た目は男らしいのに、ガツガツしたところがない無害な感じや、内面のデリケートさや優しさが時折顔を出しているという、そのギャップに異性からの人気も高めです。","情熱的に燃え上がる恋愛よりも、時間をかけて育んでいく温かな恋愛を好みます。そのため、知人から友人、そして恋人へとステップアップしていくことが多く、じっくりとお互いを知り、信頼関係と共に愛情を育んでいきます。
人を寄せ付けないクールな雰囲気を持っているために、最初はやや近づきがたいのですが、深く知り合っていけばその優しさや気配りがだんだんと見えてくるタイプです。
お付き合いではさりげない気配りが奏功し、上手に相手をエスコートしていくことが多いです。恋愛にどっぷりのめり込まず、仕事や友人関係などもバランスを取っていきたいので、心地良い距離感のある関係を好みます。"
1,https://unkoi.com/article/animal_sheep1/,"上品でおっとりとした性格です。自分を飾ることなく、いつも周りを思いやれる愛情深い人です。
人と打ち解けるのも得意で、誰とでもすぐに仲良くなれます。穏やかな雰囲気があり、人を惹きつける魅力があります。話しかけやすいため、周りから相談されることも多いはずです。
案外プライドが高いところがあり、ふわっとした雰囲気をしていても、相手から下に見られるのは嫌がります。一方、協調性のないひつじ自身も周りの人たちに偏見を持つことはなく、年下であっても尊重します。
また、自分なりの理想をしっかりと掲げていて、情熱を持って追い求めています。向上心が強くあり、常により良い環境や条件を求める傾向があります。","協調性のないひつじは胸の内に大きな野心を秘めて、人生をかけて大きな夢や目標を追い求めていきます。
ただし、その夢や目標については周りの人に話すことはありません。密かに追いかけて、こっそりと成功を掴もうとします。プライドが高いため、失敗を知られるのが嫌なのです。
一方で、同じ目標を追い求める仲間ができると、良きライバルとして切磋琢磨し合います。そして、そのライバルとなる人と一緒に成功を目指していくうち、1人では決して得られないような成功を掴み取れることも。
競争意識を持つことで、人並み以上の力を発揮して人生をより良い方向へ導いていくことができます。","柔和な雰囲気と芯の強さを併せ持っています。
自尊心が強いところがあり、こうと決めたら決して譲りません。理想が高く、生涯かけて自分の理想を追い求めていきます。
妥協することはなく、自分の決めた道をひたすら突き進んでいくのです。それでいて暴走することはなく、きちんと周りの声にも耳を傾けられる人でもあります。
人思いで温かい一面を持ち、相手を思いやりながら接することができます。
人の気持ちを汲み取りつつ、自分の意見をしっかりと伝えるのが得意です。交渉事や相手を思い通りに動かしたい場面で、うまく立ち回ることができます。","人付き合いの才能に恵まれています。人の心を読み取ったり、相手に寄り添ったりするのが得意です。
親しみやすく包容力に溢れていて、多くの人から慕われています。男性の協調性のないひつじ自身も人と触れ合うのが好きで、常に誰かと交流しています。人のために世話を焼くのも厭いません。
周りから耳寄りな情報を得られたり、人脈を紹介してもらえたりと、人付き合いを自分に活かすこともできます。
人から頼られるものの、自分からはなかなか頼れないため、心を許して何でも話せる相手を見つけておくと良いでしょう。","安心感や温かさを抱かせる雰囲気があり、異性は警戒心なく近づいてくるため、出会いには困らない恋愛傾向となります。
異性の友達も多く、そのうちの1人が恋人になる可能性が高いです。誰とでも親しい雰囲気で話せるため、相手に誤解を与えたり、周りから勘違いされたりすることがあります。
ですが、本当に好きな人にはかえって積極的に近づけません。本命には好意に気づいてもらいにくいところがあります。
一度恋が始まれば、穏やかで癒やしの空気を作り出します。相手は一緒にいるだけで心が癒やされ、安らぎをもらえるはずです。派手さはないものの、心落ち着く恋ができそうです。
しっかりと信頼を築けるため、結婚を意識し合うようになるのは早いといえます。"
2,https://unkoi.com/article/animal_sheep2/,"人に尽くすことを好む、心穏やかな性格の持ち主です。誰かに頼られたり、人の役に立ったりすることに喜びを見出します。
とても慎重なところがあり、何をするにも勢いで動くことはありません。周りの意見を聞いたり、しっかりと下調べしたりしてからようやく動きます。
冷静で落ち着きがある一方で、心の中には野心も秘めています。
気分屋なところがあり、意見や気持ちがよく変わることがあります。ただ、それでも人とぶつかることが少ないのは、人当たりの良さゆえでしょう。
周りを思いやる心があり、お人好しなぐらい優しいため、衝突することはありません。たとえ自分が損をしたとしても、人の幸せのために喜んで動ける人です。","慎重で安全な人生を送る傾向があります。
冒険は苦手で、必ず失敗のないよう綿密に準備を整えたり情報収集したりしてから行います。リスクは何としても避けようとするはずです。
そのため、目標達成までに大きな時間がかかったり、準備している間にライバルに先を越されたりといったこともあります。チャンスは多々あれど、それを掴み取れる機会はわずかになりそうです。
それでも、失敗や困難は徹底して避けられるため、安定した人生となるのは確かです。大きな浮き沈みはなく、着実に人生を良い方向へと導くことができます。","柔和で優しい性格です。
誰もとうまくやっていきたいという思いがあり、親切で思いやり深いです。人と衝突するぐらいなら、自分が折れてでもうまくやっていこうとします。
とても誠実で誰に対しても真面目に向き合うため、信頼されます。
何をするにもリスクをとことん避けて、安全安心な道を選ぶ傾向があります。冒険したり勢いで動いたりすることは決してありません。
友達がたくさんいて、人からのお誘いが多く、人付き合いは盛んな人です。ただ、本人は1人で過ごしたいと思うこともあります。","常に周りのことを考えて動ける人です。
冷静に判断し、最もリスクが少なく安全な道を選んで動きます。少しでも懸念事項があれば、周りに相談したり慎重に調べたりします。
決して大胆な行動を取ることはないため、周りからの信頼感は抜群です。
また、気分によって考えや気持ちが変わることがあります。ただ、行動はあくまで慎重ですから、周りを振り回すようなことはありません。
ぐいぐいと引っ張っていくリーダータイプではありませんが、ご意見番のような名アドバイザーとして頼りにされています。","恋愛においては受け身で奥手です。どんなに好きな相手でも、自分から積極的にアプローチすることはありません。
友達としてなら自然と仲良くなれるものの、片思いのまま終わってしまうこともしばしば。恋をするチャンスは多々あっても、結ばれるまでにはハードルが高いといえます。
また、好きな相手とは時間をかけて恋を深めていきます。次第に相手が待ちきれなくなってアプローチし、お付き合いに発展するという傾向があります。
交際が始まったら、一途で誠実な恋をします。決して裏切ることはありませんし、反対に相手にも裏切りを許しません。
将来まで考えたお付き合いを望むため、家庭的で真面目な異性を好みます。"
3,https://unkoi.com/article/animal_sheep3/,"誰に対してもオープンで社交的で素直な性格の持ち主です。
柔軟性が高いために物覚えも早く、いろんなことを器用にこなします。ただし、慎重派でもあるので他人に後れを取ることもしばしばです。
新しい環境に溶け込むのが早いですが、寂しがり屋で誰かといたい性質から周囲に左右されやすいところがあります。馴染むためには個性も不要と考えているため、あまり本音を発しません。
そして、自分が置かれている状況を冷静に見極める力を持っています。必要に応じて計算高い一面を発揮できる駆け引き上手で、自分が常に有利な立場でいられるように、味方だと感じた相手は褒めて褒めて自分側に取り込んでいきます。","孤立を恐れることから、無意識に自分の本音を押し込めて過ごそうとする傾向が見られます。
しかしながら柔軟性が高く、いろんなことを器用にこなせる性質を持っているからこそ、自分が思っているよりも周囲からその力を認められ、必要な存在として見られています。
環境に対する順応性が高いということは、逆をいえばあまり良くない環境にも染まりやすいということです。だからこそ、思い切って自分が持つ本音や個性的な考え、アイデアを伝えていきましょう。そのほうが生きやすい人生環境を整えることができます。","気づかい上手で優しく、友達が多いタイプです。
寂しがり屋で甘えん坊なところが魅力でもありますが、そのぶん良くない相手にも依存したり、染まったりしやすいところがあります。そのため、側にいる人によって環境や気持ちがジェットコースターのように変わっていきやすいところも。
ただし、本来はかなり芯が強く精神力もあるので、開き直ってしまえば、どっかり腰を据えて向き合い、最終的には望む結果を手にできます。学ぶことが好きで順応性も高いので、それを活かしていけばどんなところでも成果を上げやすいです。","優しくて内気で、いつもどこか恥ずかしげな部分が魅力的に映るタイプです。
思慮深く、何でも人よりも慎重になるため、何かと出遅れることはありますが、そのぶん何かを始めたら根気強く、粘り強く向き合う力を持っています。器用なので、その遅れを取り戻すことも案外得意です。
そして、その慎重さから人を見る見抜く目や、冷静な状況判断も得意です。そのため、自分の味方を見つけることや、自分にとって一番有利な状況を手にすることもお手の物です。地道に努力を重ね、自分で自分の人生を切り開く強さにも溢れています。","恋愛に対してはかなり慎重で真面目な考え方を持っています。
快活で明るく元気、そしてサービス精神も旺盛で異性からはモテモテです。好意を抱かれることが多く、恋のチャンスには事欠きません。
男女問わず楽しい時間を過ごしたいと思っており、それを実践していくことから周囲からはやっかみもあって、その人となりを誤解されがちです。しかし、恋愛となると石橋を叩き割るくらいの慎重さで、相手をしっかり見極めてからやっと交際に至ります。
お付き合いが始まれば、とにかく一緒にいたがります。寂しがり屋でやや束縛気味になることもありますが、根本的には楽しいことが大好き。愛する人を喜ばせることにひたすらに心を砕き、一途な愛を貫きます。"
4,https://unkoi.com/article/animal_sheep4/,"社交的な性格で、周囲と穏やかな関係を築いていくタイプです。
物腰が柔らかで上品さが漂っており、その立ち居振る舞いから頭の良さも感じられます。実際に博識で話し上手、かつ常に和を尊ぶタイプですから、いつも周囲には人が集まっています。そして、そのために、その影では幅広いジャンルに及ぶ情報収集といった努力を欠かしません。
才能豊かなうえに負けず嫌いのため、努力を重ねて常に完璧を目指します。しかし、頑なな頑固さはなく、柔軟な考え方も備えているのが魅力です。
どんな時の常識的で完璧に見えますが、実は思い通りにならないとイライラしたり、周囲に気をつかったりする人情味溢れる一面も持ち合わせています。","才能に溢れ、人生を通して学ぶことに力を入れていく傾向が見られます。
幅広いジャンルに興味を示し、まんべんなく情報を仕入れていくことができるので、常に面白い話題を持っており、気づけば話題の中心になっています。柔らかな物腰が気品を感じさせ、誰のことも包み込むような穏やかな微笑みに自然と人が集まってきます。
常に何事もそつなくこなしているために、うまくいかないことがあるとわかりやすくイライラします。その状況を作らないためには、1つのことに執着しないことです。「これくらいいや」と次に目をやるくらいにしていると穏やかな人生を送れます。","母性も色気も併せ持った魅力的な印象を放つ人です。甘く柔らかい雰囲気ですが、中身はかなりの現実主義でそのギャップに驚かされます。
助け合いの気持ちが強く、困っている人を見ると迷わず手を差し伸べますが、母性が強く出すぎるとおせっかいが過ぎて相手を困らせてしまうこともあります。
常にその場の空気が和やかであることを望むので、和を乱す人は嫌いだし、自分自身も上手に空気を読んで合わせていきます。常にアンテナを立て、多くの情報を収集しており、会話上手なうえ、的確な判断力も持っています。","愛嬌と気配りを欠かさない、いわゆる「優男」です。正確は意外に地味で堅実、現実的であり、常に地道な努力を欠かさない人です。
世の中の流れに置いていかれないように情報収集を欠かさないので、何でも知っている人という印象を周囲に与えます。そして、その情報収集中に自分の興味を引くことを見つけ、それに対して一生懸命に取り組みます。
さらに、やる気が好奇心にかなり左右されるタイプです。興味を失うのも早いので、長期的に取り組むのは苦手ですが、それでも負けず嫌いな面が奏功して頑張り続けることが多いです。","恋愛に関しては受け身で奥手なタイプです。燃え上がる恋愛よりも、時間をかけてお互いへの理解と愛を深めていくことを望みます。
いきなり一目惚れなどはあまりなく、身近で接している人への好印象から次第に好意へと変わっていくことが多いので、好きになるまでに時間がかかります。お付き合いのきっかけも相手からの働きかけのケースが多いです。
実際に付き合い始めると、少々嫌なことや納得いかないことがあったとしても、じっくり辛抱強く向き合うことができるので、1つの恋愛が長くなりやすい傾向があります。穏やかで安心できる関係を着実に築くことに注力するので、長いお付き合い期間を経てそのまま結婚に至ることも珍しくありません。"
5,https://unkoi.com/article/animal_sheep5/,"礼儀正しく大らかな性格の癒やし系タイプです。穏やかな人柄ですが、それでいて内面は知的で賢く、頭の回転が速いというギャップが特徴。
観察力も鋭く、物事の本質や状況を瞬時に理解し、「今自分が何をすべきか」の最適解をすぐに導き出すことができます。
思考も柔軟で、偏見や常識にとらわれずにフラットに考えられるので、奇抜かつ有効な策を思いつくのが得意です。そのため、おっとりしていると思ったらズバリと鋭い発言をして周囲を驚かせることが多々あります。
また、好奇心が旺盛で、一見インドアに見えて実はいろんなところに飛び出していくほどアクティブな気質を持っています。人当たりも良く、優しさと気配りで多くの信頼を集め、人に愛され囲まれていることが多いです。","他人と関わりながら人生を豊かにしていく運の持ち主です。
親しみやすさが滲み出ているような穏やかな顔立ちで、どんな場所でも不思議とすぐに馴染むことができます。「愛されキャラ」と言われることも多く、生涯を通じて多くの人に囲まれます。
また、マイペースに見えてフットワークが軽く、興味関心が湧いたものに果敢に挑むため、自分で自分の道を築き、可能性を広げることができます。
さらに、意外と計画性と粘りがあるのが、チャレンジ精神旺盛なひつじの特徴といえます。そのため、一度定めた目標や夢は最後には叶えている、というケースが多いです。","知的で物腰柔らかな人です。
自分の意見を積極的に主張することはあまりありませんが、謙虚ながらも自分の中に大事な核を持っているタイプです。そのため、普段は穏やかですが、やると決めたことはどんなに大変でもやり遂げる芯の強さがあります。
また、人の役に立ちたいという思いが強く、誰かの喜ぶ顔を見るためなら自分の時間や労力を犠牲にしてでも尽くそうとする献身的なところもあります。
この一面が恋愛に現れると、だんだんと一方的に相手に尽くす形になり、知らず知らずのうちに疲弊することも。対等な関係を意識することで恋愛が安定します。","和を重んじる向上心の高い人です。
夢や目標に向かってどんなに辛くてもひたむきに頑張る努力家タイプ。他人に頼ることなく、自分の力でやり遂げようと無理をするところがあります。
そんな男性のチャレンジ精神旺盛なひつじですが、集団の輪から外れることは嫌いで、孤立することに強い不安を感じます。しかし、べったり執着するのではなく、お互いのプライバシーには踏み込まずに一定の距離を保つ器用さがあります。
また、うまく周囲と調和を取りつつも、みんなを自然と自分のやりたいほうへ誘導する駆け引きが上手です。","親しみのある和やかさで男女ともに異性からモテる傾向が見られます。
普段は自己主張をあまりしないおっとりなところがありますが、本気の恋となると一変。積極的にアプローチしたり、ストレートに愛情を伝えたりするなど、情熱的な一面を見せます。
基本的に、自分と同じく温厚で尽くしてくれるタイプが好みで、感情の起伏が激しい人は、たとえ一時的に好きになってもすぐに気持ちが冷めてしまいます。
相手の心が離れていくかもしれない、というハラハラ感が苦手なので、刺激的な恋よりも、思いやりに溢れた穏やかな恋のほうが長続きしやすい傾向があります。
ただ、恋にのめり込みやすい一面があり、相手に自分と同じだけの愛情を返して欲しいと求めるところがあります。寂しさを感じると不安から感情が昂り、爆発してしまうこともあるので注意しましょう。"
6,https://unkoi.com/article/animal_sheep6/,"義理人情に厚い真面目な性格で、誇り高き常識人です。
誰かが困っているのを見かけたら自分から飛んでいくほどの熱い正義感の持ち主。それでいて、俯瞰的な視野を持ち、トラブルも冷静に対処できるため、問題解決能力はバツグン。
そんな面倒見のいい頼られると嬉しいひつじを、頼もしいと慕ってくる人は多いです。そして、そんな自分に誇りを持っており、常に理想の自分であろうと高い意識を持っています。
自他ともに厳しくストイックで、不正や欺瞞は大嫌い。何事にも正々堂々と正面から向き合う、ぶれない芯を持つかっこいい人です。
また、聡明で博識なのも頼られると嬉しいひつじの特徴といえます。知性、行動力、正義感と、どれを取っても非の打ちどころがなく、その裏打ちされた自信が頼られると嬉しいひつじの原動力になっています。","包容力、冷静な分析力、優れた頭脳と知識に恵まれ、人々をまとめて導いていく人生を送ります。
周りの人は、頼られると嬉しいひつじの慈悲とリーダーシップに助けられ、頼られると嬉しいひつじは、周りの人からの感謝と笑顔に喜びとやりがいを感じます。
つまり、頼られると嬉しいひつじは組織の中で真価を発揮し、そして活躍の場を得るタイプだといえます。その組織が大きければ大きいほどモチベーションが上がり、大きな成果を上げることができます。
ただ、人に頼まれると断れず、つい頑張りすぎて無理をする傾向があります。無理がたたると体力も運気もガクッと下がることがあるので、体力・精神力の管理はしっかり行いましょう。","多少のことではへこたれない芯の強さと情熱を持つ人です。
世のため人のために生きることを目指す誇り高い人。理想を描くだけでなく実際に行動し、信念を貫くことができる強い女性です。どんなに大きな壁に阻まれても、たとえ最後の1人になっても諦めずに立ち向かい続けます。
それでいて頭は固くなく、他人の意見や価値観も理解し、受け入れようとする度量の広さがあります。それは根底に「助け合い」こそ人の美徳と信じ、お互いを尊重し力を合わせる世界を目指しているから。
また行動には計画性があり、論理的に物事を進めていく堅実的な一面もあります。","知性を感じさせる柔和な人です。
鋭い分析力と臨機応変さで、どんな難題やトラブルも迅速に対処できる、なかなかのやり手タイプです。ただ、少し慎重な傾向があり、大きな決断ほど尻込みしてしまうところがあります。
人当たりが良い社交的な人柄ですが、その根底には「1人でいるのが嫌い」という気持ちあり、集団の中にいると安心感を覚えるタイプです。集団の中では人と人を繋ぐ潤滑油のような役割を果たし、様々な個性を持った集団をまとめあげ、手を取り合って同じ目標に向かわせることが得意です。
細かいところにまで目を配り、見えないところまで手厚くフォローするため、組織ではなくてはならない存在です。","人となりをじっくり見極めてからでないと安心して恋愛ができないタイプです。
優しく世話好きのため多くの人に慕われますが、相手選びに慎重なため恋愛に発展しにくく、いい感じだけれど友達以上恋人未満の関係から抜け出せないという相手が多いです。
しかし、「好き」という気持ちを自覚すると、持ち前の献身性を活かして愛情深く相手に尽くします。パートナーから甘えられることが嬉しく、つい相手のワガママを助長してしまうことも。
普段はしっかり者に見えますが、根は寂しがり屋のため、お付き合いが始まると常にパートナーと一緒にいたがるようになります。"
1,https://unkoi.com/article/animal_pegasus1/,"明るく社交的な性格で、いつも笑顔を絶やさない人です。「怒ることなんてある？」と確認したくなるくらい柔らかい雰囲気を醸し出しています。
好奇心旺盛で小さなことにも感動し、表情に表れるので周囲は何かと構いたくなります。しかし、実はかなり警戒心は強めで、相手に心を許すまでにかなり時間がかかりますが、一度信じると信頼感は揺らぎません。
基本的に直感を大切にしており、考えるよりもインスピレーションを重視しています。そのため、いつもふわふわしているように感じられますが、その内に秘められた集中力とパワーは目を見張るものがあります。
心身の束縛を何よりも苦手とするため、みんなで何かをするよりは、1人で好きなことをしていたいタイプでもあります。","喜怒哀楽がハッキリしていて、感情表現・感受性が豊かで、人生にも多いに影響を与えます。
他の人ならそのまま流してしまうようなことにもいちいち目を留め、そして感動する心を持っており、それが独自の視点やアイデアへと変換されていきます。束縛を苦手とし、自由でいたい気持ちの強さも後押しします。
しかし、人と違うイコール本質を理解されないことが多いため、つい他人に対して身構えてしまいます。人や物事の表面だけでなく、裏側までじっくり見極める姿勢を取ると本質を知ることができ、本当に信頼できるものを選ぶことができるようになります。","感情表現が豊かでよく笑い、よく泣くといった漫画のヒロインのようなタイプです。
行動力もあり、何かにつけて器用さを発揮するので、周りからの人気は高く引っ張りだこ、いつでも元気いっぱいな印象を与えます。褒められると、さらにやる気アップで張り切ります。
社交的で天真爛漫に見えますが、それはあくまでも繊細で用心深い内面を他人に悟られないためのポーズといえます。だからこそ、一度心を開いてしまうと相手を信じ込んでしまうのが玉にキズ。
冷静さを欠いてしまうところもあるので、自分が常に正しい、と過信しすぎないように気をつけましょう。","穏やかで物静かな印象を周囲に与えます。
物腰柔らかく、思慮深く頭がキレそうなイメージですが、中身はむしろ天才肌の直感型。考え抜いて結果を出すよりは、ピンときたものを大事にするので、人にはないような奇抜なアイデアを続出します。
ただし、決断力や行動力にはやや欠けるので、実働するのは他人に任せ、いわゆる参謀役としてスタンバイできるのが理想です。
また神経質で、他人から押さえつけられるのを嫌うので、そっと影の支配者になる場合もあります。","出会いにも恋のチャンスにも恵まれています。
裏表がなく、自分の胸の内を素直に相手に表現すること、そして親しみやすい性質を持っていることから、他人からの好意を受けやすい、いわゆるモテるタイプです。
普段から明るく楽しいこと、そして人を楽しませることが大好きで、それは恋愛にも反映されます。そのため、相手を喜ばせるためのプレゼントやサプライズを大切にしつつ、相手を想う気持ちをこまめに伝えていきます。
恋愛に対してはとても真面目で誠実に向き合うのですが、恋人だけを特別扱いするのではなく、友人にも同じように接するところがあるので浮気や二股を疑われることもあります。恋人と友人の線引きを心がけるとトラブルが減っていくはずです。"
2,https://unkoi.com/article/animal_pegasus2/,"落ち着きがありつつも、情熱的な性格を秘めるタイプです。
顔が広く豊富な人脈を築くのが得意なリーダー気質が備わっています。一見、近寄りがたい雰囲気もありますが、一度気を許すと、とてもフランクな親しみやすい人に変わります。
パワフルながらも人と揉めるのは嫌いなので、その場の雰囲気や相手によって方向転換ができる柔軟性があります。決められたことをそのとおりにやるのが少し苦手なところも奏功しています。
そして、どんなものでも完成させるまでや、手に入れるまではしっかり計画を立てて頑張りますが、攻略が終わった途端に興味をなくし、また新たなターゲットを探し始めます。","情熱的に理想を追い求める人生傾向が見られます。
ただし、人との衝突を厭わないわけではありません。むしろ波風が立つのが苦手なので、状況をじっくり鑑みて対応を変える柔軟さを持っています。
そこには、そこで立ち止まるのが嫌だという気持ち、そして常に足止めされることなく自由でいたい気持ちが大きく影響しています。そのため、面倒くさそうと感じるもの、古臭いと感じるものはつい避けてしまいます。
ただ、そこに大きなチャンスがある可能性もあるので、自分が無意識に避けてしまうものについてきちんと学ぶ姿勢を取ってみると、得るものが多くなります。","ツンとして近寄りがたい印象を与えがちですが、実際に話してみると人当たりの柔らかい人です。気を許した相手とは一気に距離が縮まり、話し方もフランクになっていきます。
熱い情熱を胸に秘めつつも、頭の中は常にクール。計算高く、駆け引きも得意なうえに勝ち気なので簡単には負けません。しかし、普段は深く考えるよりも直感に従って行動するので、周囲から見れば突拍子もない行動を取ることもしばしば。
何かと目標を見つけては綿密な計画を立て、その達成感を味わうのが好きですが、それが終われば急激に興味を失います。","面倒見が良く、みんなと仲良くしたいと考えるタイプ。
人の頼みを断れないお人よしでもありますが、意外に好き嫌いは激しめです。それでも相手の出方を見ながら臨機応変に対応を変えられるので、どんな人とでもうまくやる能力はピカイチ。
細かい気配りもできるので、自然とリーダーに祭り上げられることも多いです。
どんなことにも動じず、大胆で堂々とした感じが強いのに、ふいに少年のように純粋で、シャイな面が顔を出すこともあります。そして、そのギャップがさらに多くの人を惹きつけます。","恋に対して奥手ながらも、相手から好意を持たれてお付き合いに至りやすい傾向が見られます。
好きになってもなかなかその想いを表現することができないため、何かと受け身になりがちです。しかし、社交的で周囲に対する細かい気配りができることから、相手から好意を持たれやすく、時間はかかっても恋愛成就に至りやすいといえます。
お付き合いが始まれば相手に対する一途さを発揮しますが、一途と束縛は別物と考えています。そのため、相手と同じくらい自分の時間も大切にするので、相手からは自分に興味がないのかもと勘違いされることも。
普段からきちんとコミュニケーションを図ることでトラブルを避けることができます。"
3,https://unkoi.com/article/animal_pegasus3/,"刺激を求め続ける好奇心旺盛な性格の持ち主です。
自分が「面白い」と感じたことが、波乱に満ちたペガサスにとっての指針といえます。そのため、「みんなで仲良く」「足並みを揃えて」など、他の人が作った集団ルールに従うことは、波乱に満ちたペガサスにとっては少し苦手なところがあります。
波乱に満ちたペガサスは、気まぐれな自由人かと思いきや、実は先を見通す力に優れています。また、嗅覚で正解・不正解を嗅ぎ分けたり、瞬時に計算して最適解を導き出したりすることができます。
そんな天性の天才っぷりが、波乱に満ちたペガサスの予測のつかない行動に繋がっているのです。
干渉するのもされるのも嫌いますが、コミュニケーション能力は高く、その場その場で友好な関係を築くため、人脈は広いです。","ジェットコースターのように急勾配を昇ったり下りたりする波乱万丈な人生を送る傾向があります。
波乱に満ちたペガサスにとって、安定や平凡は退屈で生きていないと同じことといえます。
チームワーク力は乏しいものの、自分に正直に自由でいることで、他の人とは違うキラッと光る才能を輝かせることができます。そのため、人とは違う道をあえて自分から選んだり、急に海外に行って周りを驚かせたりするようなことも珍しくありません。
集団から抜け出しても、人と上手くやっていけるのが、波乱に満ちたペガサスの良いところです。好き放題しても周りからは嫌われず、むしろ世界中のあちこちに友人がいるという人が多いです。","華やかさを求める情熱的な人です。自由と直感を大切にし、男性よりも気ままな面が強いという特徴があります。
性格も個性が強く、気分の落差が激しいところがあります。そんな自分に正直で真っすぐなところが魅力の人です。
ただ、気持ちが乗ると感情的になって、思い込みが激しくなり大成功を収める人になるか、非現実的な道へ進み大失敗してしまう人になるか、大きく分かれがち。
飽きっぽいところもフットワークが軽いといえば聞こえは良いですが、それで信用を失うことがあるので注意しましょう。","人間味溢れる大らかな人柄です。
何でも「なんとかなる」と大胆に進めていくため大雑把に見えますが、実は意外と細かいところがあり、行き届いた配慮を見せます。
豊かな感性とアイデア力を武器に、人並み以上の成果を上げていくため、仕事がデキる人が多いです。
ただ、気分にムラがあり、最後のツメが甘いのが玉にキズ。それで大きなチャンスを逃すこともありますが、「まぁいいか」と引きずらずに次の楽しいことに向かっていけることが何よりの長所といえます。","恋愛はあっさりした傾向が見られます。
一緒にいてても別々で好きなことをしていたり、面白いことができたらデートの途中で帰ってしまったりするなんてことも。それゆえ、サバサバしたお付き合いに理解のある、自立心の高いパートナーを選ぶと関係が安定しやすいです。
波乱に満ちたペガサスは、行動が派手な天才児といった評価で、密かに憧れている異性は多いはず。一見近寄りがたいものの、話せばウェルカムで気さくに対応してくれるのも人気のポイントといえます。
波乱に満ちたペガサスは、モテるため告白される経験は多いです。ただ、自分から恋をする時は、直感を大切にします。そのため一目惚れなど突然恋に落ちることも珍しくありません。"
4,https://unkoi.com/article/animal_pegasus4/,"いくつになっても純粋さを忘れない、天真爛漫な性格の持ち主です。
「好きなものは好き。嫌いなものは嫌い。」という考えをストレートに表現し、正直な意見を隠そうとしません。駆け引きができない裏表のない性格のため信頼には足りますが、うまく立ち回ることを知らないために損をすることも。
ただ、損得を考えずに自分の信念に従って真っすぐに進む姿に、周りの人も自然と惹かれていくはず。嘘をつけない性格のため、たまに周りと衝突することもありますが、根が明るく素直なため、本当に嫌われたり深刻な問題に発展したりすることはありません。
子どものように純真ですが、逆境に強いという頼もしい一面もあります。気分屋のためムラはありつつも、「これ！」と決めたことは諦めずに最後までやり遂げる意志の強さを持っています。","自分の正直な気持ちと感性に従って生きる人生傾向が見られます。
興味のないことをやらされるのが一番嫌いなため、子どもの頃は無理やり習い事に行かされてヘソを曲げていたなんて人も少なくないはず。
大人になったら自分の好きな仕事に就き、一気に才能が花開く可能性が高いです。優雅なペガサスにとって、自分に正直にいられる環境はとても大事です。
また、夢を持つことが大成する近道になります。困難にぶつかってもめげない粘り強さで、着実に夢に近づいていきます。
優雅なペガサスは逆境で真価を発揮するタイプのため、絶望的な状況に陥った時にこそ大きなチャンスを掴む可能性があります。","愛嬌のある活発な人柄が特徴的です。
小さいことを気にしない豪快さがある一方、嘘や卑怯なことを嫌い、真っ向から勝負をする激しい正義感の持ち主でもあります。
ちょっぴり皮肉屋なところもありますが、裏表のない素直な性格と愛情深さで多くの人から愛されています。ただ、わかりやすいかと思えば急に様子が変わったり、熱しやすく冷めやすかったりと、天邪鬼な一面もあります。
上昇志向を持ち、物も人も一流のものを好む傾向があります。そのため理想のタイプは高く、身の回りの物をブランド品で固めている人に惹かれる場合もあります。","曲がったことが大嫌いで頑固な、生粋の江戸っ子タイプです。
少し神経質なところがあり、「これはこう」と凝り固まった考えを持っています。一切の妥協を許さないため、周りと衝突することもありますが、物事を完璧に仕上げる様子はまさに頑固一徹な職人といえます。
根は素直で、夢を追いかける少年のようなピュアさがあり、いつも何かに全力投球をしている人が多いです。じっとしていられない性分で、キラキラと輝く華やかな世界に憧れるところがあります。
「これ」と決めたことにはすぐに飛び込んで、生来の迅速な行動力であっという間に夢を叶えていきます。","自然と目立つため異性からモテやすく、恋のチャンスは多めです。
しかし、本人はあまり恋愛には積極的ではなく、仕事や趣味を優先する傾向があります。そこには、普段は我が道を行くタイプなのに、こと恋愛になると奥手になってしまうという意外な一面が隠されています。
好きな人ができても自分からはアプローチできず、相手から声がかかるのを待っていることが多いです。
一度お付き合いが始まると、とても一途に相手を愛します。束縛を嫌うため、さっぱりした付き合いになりますが、素直に愛情表現できないだけで、行動や態度で愛を示そうとします。"
