image_url,pin_url_guess
https://i.pinimg.com/736x/a6/5a/50/a65a50686f1c10f5c98f2bedd434bf1e.jpg,https://jp.pinterest.com/pin/6122149486851049/
https://i.pinimg.com/736x/82/77/a9/8277a98095eda2e3b1435905296dd056.jpg,https://jp.pinterest.com/pin/341499584264021499/
https://i.pinimg.com/736x/52/33/63/523363348ca1f3d4fc5139e8041be082.jpg,https://jp.pinterest.com/pin/85920305384429883/
https://i.pinimg.com/736x/ef/5c/fa/ef5cfadb23b246687241c487a4e8c733.jpg,https://jp.pinterest.com/pin/281543723667835/
https://i.pinimg.com/736x/4f/53/7b/4f537beb27e4c4dd76dc38c2270ee4e1.jpg,https://jp.pinterest.com/pin/985231164762332/
https://i.pinimg.com/736x/6a/43/da/6a43dad60c5a10d03ca8b343aefa1e80.jpg,https://jp.pinterest.com/pin/563018696933935/
https://i.pinimg.com/736x/f1/4a/99/f14a99899c89588a6cac83481d4f6769.jpg,https://jp.pinterest.com/pin/59954238838366038/
https://i.pinimg.com/736x/f9/22/9d/f9229d8e3eeba44ef51275293d9efc35.jpg,https://jp.pinterest.com/pin/2025-in-2025--13933080092336532/
https://i.pinimg.com/736x/07/b7/ec/07b7ec14a6607e90ce0f71733b67d970.jpg,https://jp.pinterest.com/pin/fashion-in-2025--281543723657553/
https://i.pinimg.com/736x/aa/4b/c9/aa4bc966de510844eacb7c6426083d8a.jpg,https://jp.pinterest.com/pin/fashion-in-2025--4081455907056821/
https://i.pinimg.com/736x/3f/23/fa/3f23fa51d563253e78a5d31269d0d532.jpg,https://jp.pinterest.com/pin/33988172184578775/
https://i.pinimg.com/736x/cb/00/23/cb0023ac6c1358e50508689ec7d3b2d0.jpg,https://jp.pinterest.com/pin/14777505021928016/
https://i.pinimg.com/736x/de/45/79/de45790cfdb4df21a446663489517679.jpg,https://jp.pinterest.com/pin/21673641950190364/
https://i.pinimg.com/736x/45/f7/32/45f732d34919191ead241dfc8f2f5402.jpg,https://jp.pinterest.com/pin/69665125481963665/
https://i.pinimg.com/736x/39/e4/7f/39e47f0508e527a6ca202755995d77d9.jpg,https://jp.pinterest.com/pin/26247610323600075/
https://i.pinimg.com/736x/c0/8e/a7/c08ea7357e0e837fdee96234cbc118a7.jpg,https://jp.pinterest.com/pin/3799980930688952/
https://i.pinimg.com/736x/a1/b3/0c/a1b30c37674ee5a31ab8c15beeca445a.jpg,https://jp.pinterest.com/pin/844493675477312/
https://i.pinimg.com/736x/bd/e3/32/bde332206e44bea391fda081eff4801e.jpg,https://jp.pinterest.com/pin/43699058881745320/
https://i.pinimg.com/736x/2e/92/fd/2e92fdb672003f60b69b87b9ebea3437.jpg,https://jp.pinterest.com/pin/4081455907091706/
https://i.pinimg.com/736x/94/5b/8e/945b8e1ec0dc60130e72d9c9d2314081.jpg,https://jp.pinterest.com/pin/4151824649678784/
https://i.pinimg.com/736x/c1/aa/8a/c1aa8a8b5b719163f0ee1fb3e7ed9aab.jpg,https://jp.pinterest.com/pin/anna-cnlanna-instagram-profile-in-2025--4081455907041763/
https://i.pinimg.com/736x/4c/fc/d1/4cfcd13eb0ca78afe7051c2bd636b123.jpg,https://jp.pinterest.com/pin/7599893116608088/
https://i.pinimg.com/736x/f1/74/95/f17495a66bc04383872e5aabfc5882ea.jpg,https://jp.pinterest.com/pin/1477812371793244/
https://i.pinimg.com/736x/f9/2d/ba/f92dba2a8afb1c4d0b9e0619cfa5c236.jpg,https://jp.pinterest.com/pin/clothes-3pinterestmmartinaferrer_--985231160986937/
https://i.pinimg.com/736x/48/45/44/4845448ae0e0d2a6a63d6b90fac73f55.jpg,https://jp.pinterest.com/pin/casual-outfits-in-2025--11259067813328006/
https://i.pinimg.com/736x/c3/3c/66/c33c66ac26361f96f2496c8769cbbcae.jpg,https://jp.pinterest.com/pin/34269647161836919/
https://i.pinimg.com/736x/28/15/ba/2815badaccf7c638ffb0fa74277ce42a.jpg,https://jp.pinterest.com/pin/fashionpinterestkikkiiii--46232333732320029/
https://i.pinimg.com/736x/47/ea/18/47ea18aaa2867e0ae05e6bee853f9115.jpg,https://jp.pinterest.com/pin/14918242511068227/
https://i.pinimg.com/736x/3e/a9/ab/3ea9ab13dfe49f58c590810ed6cf55ed.jpg,https://jp.pinterest.com/pin/34269647161978562/
https://i.pinimg.com/736x/d0/c3/5d/d0c35d162360d87ce7741ad3285b283c.jpg,https://jp.pinterest.com/pin/573434965076874984/
https://i.pinimg.com/736x/ab/89/b8/ab89b856b987d4517b76f6a49c2e06df.jpg,https://jp.pinterest.com/pin/1477812372788108/
https://i.pinimg.com/736x/12/43/1d/12431d58a61e1b43b09623c957a28592.jpg,https://jp.pinterest.com/pin/135530270033737719/
https://i.pinimg.com/736x/23/68/f3/2368f360223e0e1cf45ff9a0774050a8.jpg,https://jp.pinterest.com/pin/pin-by-jess--7248049394641209/
https://i.pinimg.com/736x/ab/6b/92/ab6b9267176781624c1b0d8ce1ab08e5.jpg,https://jp.pinterest.com/pin/12173861488654588/
https://i.pinimg.com/736x/8c/b4/aa/8cb4aae0ffb848e40041758d4e864d1a.jpg,https://jp.pinterest.com/pin/8936899257367475/
https://i.pinimg.com/736x/3b/78/a1/3b78a122ddd0d1164f536b4961297129.jpg,https://jp.pinterest.com/pin/in-2025--19914423347499125/
https://i.pinimg.com/736x/38/7c/a0/387ca0621760bb6805870175f453c037.jpg,https://jp.pinterest.com/pin/9288742976721370/
https://i.pinimg.com/736x/22/40/ba/2240ba6ea842682195c2c3f699fd9a4b.jpg,https://jp.pinterest.com/pin/774124929717542/
https://i.pinimg.com/736x/78/0b/4e/780b4e4808caa947f026999064034e11.jpg,https://jp.pinterest.com/pin/29625310044815855/
https://i.pinimg.com/736x/26/bd/b7/26bdb7be9beb5a1345935a36774af079.jpg,https://jp.pinterest.com/pin/2322237301200946/
https://i.pinimg.com/736x/a2/ca/82/a2ca825311f2ec580c19c53324a3d331.jpg,https://jp.pinterest.com/pin/23995810510044036/
https://i.pinimg.com/736x/de/ae/14/deae14359d905db78540999605798df4.jpg,https://jp.pinterest.com/pin/in-2025--64598575901226925/
https://i.pinimg.com/736x/37/9f/79/379f79ee7edc59d7e22e09ed363d2128.jpg,https://jp.pinterest.com/pin/in-2025--8936899257282459/
https://i.pinimg.com/736x/ce/04/c9/ce04c903c3df8520dcef2413fb371a81.jpg,https://jp.pinterest.com/pin/dricka-in-2025--1477812374146323/
https://i.pinimg.com/736x/40/1c/f4/401cf4b99298bc1d51cac44910ef9ab9.jpg,https://jp.pinterest.com/pin/7248049395871333/
https://i.pinimg.com/736x/a5/1d/1b/a51d1b0c0c83afedc6bb4c2416a9ea08.jpg,https://jp.pinterest.com/pin/703756188389208/
https://i.pinimg.com/736x/3a/79/e7/3a79e7e8dc83b978f36e0e700f421e16.jpg,https://jp.pinterest.com/pin/2674081025392214/
https://i.pinimg.com/736x/d5/a9/f8/d5a9f87961f546c8116888deef2c592b.jpg,https://jp.pinterest.com/pin/72620612735860847/
https://i.pinimg.com/736x/87/e6/f1/87e6f186653220fb4a206c10aba9d83d.jpg,https://jp.pinterest.com/pin/clothes--2674081022643176/
https://i.pinimg.com/736x/ca/4d/d5/ca4dd5ce76f34d456ed7eff0ec210a1e.jpg,https://jp.pinterest.com/pin/igoutfit-inspo-in-2025--2181499816235791/
https://i.pinimg.com/736x/c5/aa/56/c5aa56f35b433d94025c816697e3afdc.jpg,https://jp.pinterest.com/pin/in-2025--18647785950604368/
https://i.pinimg.com/736x/4e/a6/15/4ea615a40267ce46b49762c15de6384d.jpg,https://jp.pinterest.com/pin/498773727506380080/
https://i.pinimg.com/736x/df/db/d5/dfdbd594586ef0493564b064fc362083.jpg,https://jp.pinterest.com/pin/422281211622064/
https://i.pinimg.com/736x/16/3c/e3/163ce3dddb52ccd9d590df378457c3a1.jpg,https://jp.pinterest.com/pin/1477812373882390/
https://i.pinimg.com/736x/dd/14/57/dd14576adc61b0d58d8e883bb737aab1.jpg,https://jp.pinterest.com/pin/1970393583096786/
https://i.pinimg.com/736x/8b/09/58/8b09580c329bcf6261cad2e3cefa1b24.jpg,https://jp.pinterest.com/pin/7248049395936747/
https://i.pinimg.com/736x/db/9b/f7/db9bf705a29969c6f8b3c9ccc8eb55f7.jpg,https://jp.pinterest.com/pin/chic-outfits--492649953400030/
https://i.pinimg.com/736x/e4/64/5a/e4645a2332ac434bccabc0b9a55aa238.jpg,https://jp.pinterest.com/pin/7599893116905554/
https://i.pinimg.com/736x/06/e2/ed/06e2ed2e1ace648132bf3c20babfb94a.jpg,https://jp.pinterest.com/pin/156570524540469398/
https://i.pinimg.com/736x/f6/3d/f8/f63df8e05e0b2ff3b35fc8d9d3ef3ce8.jpg,https://jp.pinterest.com/pin/1970393583435411/
https://i.pinimg.com/736x/86/30/be/8630be05a25c4dfb3230927819aa3f25.jpg,https://jp.pinterest.com/pin/58969076366825616/
https://i.pinimg.com/736x/2d/0e/58/2d0e582832b9a0cae1b3067c6dbab42c.jpg,https://jp.pinterest.com/pin/7670261861714089/
https://i.pinimg.com/736x/f0/c5/19/f0c5191fa5ebf7a858e4be3a99839f06.jpg,https://jp.pinterest.com/pin/14847873767073351/
https://i.pinimg.com/736x/6e/9d/b5/6e9db5b49c59439016018fd0b7861749.jpg,https://jp.pinterest.com/pin/281543726113513/
https://i.pinimg.com/736x/8c/8b/3c/8c8b3c9cd67e1c51beb4d0649c99f652.jpg,https://jp.pinterest.com/pin/281543723865367/
https://i.pinimg.com/736x/2e/0c/72/2e0c724be6d6a956c25f03debe21e158.jpg,https://jp.pinterest.com/pin/cute-outfit--774124929966560/
https://i.pinimg.com/736x/a9/5e/8f/a95e8f8a1d31f6c6d40da3b324cb7e25.jpg,https://jp.pinterest.com/pin/4081455905789403/
https://i.pinimg.com/736x/00/b4/58/00b45840a4898415f257787ab3a34575.jpg,https://jp.pinterest.com/pin/apparelpinteresttaeri2024--19140367160817939/
https://i.pinimg.com/736x/54/53/8a/54538a28e00ce9ba774540b07ff6bea4.jpg,https://jp.pinterest.com/pin/coordinatess-in-2025--293015519536614683/
https://i.pinimg.com/736x/a8/fb/82/a8fb82cc6d7f77a87d976a68c02f71d2.jpg,https://jp.pinterest.com/pin/look-what-i-found-on-aliexpress-in-2025--2744449769118822/
https://i.pinimg.com/736x/62/34/00/623400442e2050e31b9596ed0984f967.jpg,https://jp.pinterest.com/pin/34269647161978528/
https://i.pinimg.com/736x/f7/29/06/f72906110734d7c7ed333040c17d53b9.jpg,https://jp.pinterest.com/pin/3307399721267493/
https://i.pinimg.com/736x/a1/70/87/a17087fadc304b356404009c60f59cc7.jpg,https://jp.pinterest.com/pin/fashionpinterestpinin--240098223877570356/
https://i.pinimg.com/736x/0d/2b/7e/0d2b7eac9dd949247070c261c05ae83f.jpg,https://jp.pinterest.com/pin/29203097577604234/
https://i.pinimg.com/736x/d1/24/af/d124af669b9af00120592ca197759b35.jpg,https://jp.pinterest.com/pin/awtfitz--8725793021993093/
https://i.pinimg.com/736x/93/26/a4/9326a4e03ccb067351c51d3414165ccc.jpg,https://jp.pinterest.com/pin/1688918606288051/
https://i.pinimg.com/736x/10/a7/4b/10a74bb9e58add2bdc223a79558c2c54.jpg,https://jp.pinterest.com/pin/3307399721356226/
https://i.pinimg.com/736x/a8/14/48/a8144804e88e5e6fafa0b7c31dbdeb84.jpg,https://jp.pinterest.com/pin/31806741113865751/
https://i.pinimg.com/736x/44/f1/40/44f1402ecfd1bfa8839797e177e60ad0.jpg,https://jp.pinterest.com/pin/20407004556900805/
https://i.pinimg.com/736x/7c/18/96/7c1896701f66426dba067733b7d5ac03.jpg,https://jp.pinterest.com/pin/599119556721035423/
https://i.pinimg.com/736x/09/45/ad/0945ad01a775883a7da17c54b9a3e938.jpg,https://jp.pinterest.com/pin/563018696296911/
https://i.pinimg.com/736x/2b/ad/32/2bad321be863ceac9b2b719b03cb87f0.jpg,https://jp.pinterest.com/pin/27795722692291543/
https://i.pinimg.com/736x/58/d2/07/58d20769ff7e023c848489df7d50693c.jpg,https://jp.pinterest.com/pin/10625749117012373/
https://i.pinimg.com/736x/bd/a2/93/bda293c2d9a74812eac6a3916b00ff7f.jpg,https://jp.pinterest.com/pin/81627811991541228/
https://i.pinimg.com/736x/1b/48/3e/1b483e5e59a548a15ba738d6fbc2b6dd.jpg,https://jp.pinterest.com/pin/fashion-outfits-in-2025--5840674511060062/
https://i.pinimg.com/736x/6d/ca/41/6dca411f3e6d53c98cc7423a5f3bc730.jpg,https://jp.pinterest.com/pin/19773685858639930/
https://i.pinimg.com/736x/7c/20/cb/7c20cb55215bbc4d7ca557cb146316e7.jpg,https://jp.pinterest.com/pin/844493672478884/
https://i.pinimg.com/736x/09/3c/fe/093cfefe5ec5b60b4cb721727416fa4d.jpg,https://jp.pinterest.com/pin/209628557654498785/
https://i.pinimg.com/736x/fc/8f/03/fc8f0317c216d9839c5cff865d2910e7.jpg,https://jp.pinterest.com/pin/19773685858637597/
https://i.pinimg.com/736x/de/91/98/de9198336af8a3f225ab44bd32fce959.jpg,https://jp.pinterest.com/pin/my-style-file-in-2025--985231164600711/
https://i.pinimg.com/736x/67/b6/d9/67b6d9399a5473d6f1ed48b4ae01b5c6.jpg,https://jp.pinterest.com/pin/165648092538913935/
https://i.pinimg.com/736x/b4/50/3e/b4503e789b323e66c2295ff18a59bf7c.jpg,https://jp.pinterest.com/pin/4503668371979468/
https://i.pinimg.com/736x/34/4b/ad/344bade9508c4d14c594809e053ca62e.jpg,https://jp.pinterest.com/pin/41869471531013003/
https://i.pinimg.com/736x/2a/88/80/2a88807775262beb9c1355bdef0814d7.jpg,https://jp.pinterest.com/pin/774124928673138/
https://i.pinimg.com/736x/a7/d4/ad/a7d4ad8f0de6e2a45255e317c5702c5d.jpg,https://jp.pinterest.com/pin/1125968708564429/
https://i.pinimg.com/736x/a8/ee/4e/a8ee4e0ce976b5aa0c26a642241f9358.jpg,https://jp.pinterest.com/pin/25403185394170258/
https://i.pinimg.com/736x/db/88/8a/db888a6872b3def2860080a0aed244ba.jpg,https://jp.pinterest.com/pin/4081455905099023/
https://i.pinimg.com/736x/c9/95/78/c99578584ed3d3f1255907554719cf69.jpg,https://jp.pinterest.com/pin/1477812374122338/
https://i.pinimg.com/736x/91/87/d6/9187d648a9ea8d20c5b067562fcb0fde.jpg,https://jp.pinterest.com/pin/4081455907035832/
https://i.pinimg.com/736x/83/bb/f0/83bbf0128f99de88a272f5372b66e375.jpg,https://jp.pinterest.com/pin/43417583904843655/
https://i.pinimg.com/736x/a3/d5/54/a3d5540abbcf2af7b394be5ead6be5ca.jpg,https://jp.pinterest.com/pin/7670261861714090/
https://i.pinimg.com/736x/0e/e3/c1/0ee3c115553f432e896159d3ac84cfd1.jpg,https://jp.pinterest.com/pin/1477812374417607/
https://i.pinimg.com/736x/3a/3d/d5/3a3dd58b761c7265f1c5596b881af535.jpg,https://jp.pinterest.com/pin/281543723290038/
https://i.pinimg.com/736x/22/38/63/2238631e7a4b182d7bfb349ceb0f6d02.jpg,https://jp.pinterest.com/pin/774124929275847/
https://i.pinimg.com/736x/17/a6/12/17a6124848070700c8bf7f2cd0ff166d.jpg,https://jp.pinterest.com/pin/125115695894199520/
https://i.pinimg.com/736x/eb/ff/c9/ebffc9812f4b9b776a0cacd08060e8c0.jpg,https://jp.pinterest.com/pin/5136987069148889/
https://i.pinimg.com/736x/6b/58/f3/6b58f322d985cf85d539522aa9cdff5b.jpg,https://jp.pinterest.com/pin/337770040827861071/
https://i.pinimg.com/736x/46/03/e4/4603e48ae2091f34d7faeb1e7a780aeb.jpg,https://jp.pinterest.com/pin/1477812371834089/
https://i.pinimg.com/736x/2d/c4/4c/2dc44cee4bb90a6170ecc21ea54f1258.jpg,https://jp.pinterest.com/pin/pin-von-sarin-auf-outfit-in-2025--4714774604229193/
https://i.pinimg.com/736x/ba/e9/dc/bae9dca9d7a0e0010d571a3138ea2781.jpg,https://jp.pinterest.com/pin/17170042323724507/
https://i.pinimg.com/736x/08/df/6c/08df6c25b079aca2fd4a0d49c3ff8333.jpg,https://jp.pinterest.com/pin/281543723302020/
https://i.pinimg.com/736x/26/40/32/264032c01e5b7088a1f359fc0c3d8e9b.jpg,https://jp.pinterest.com/pin/14777505022197846/
https://i.pinimg.com/736x/4e/e9/51/4ee951455f660a9bf8a368e908a4e323.jpg,https://jp.pinterest.com/pin/15551561207028760/
https://i.pinimg.com/736x/1d/5d/38/1d5d38c06e4d8371c74bcfe8a4424c8a.jpg,https://jp.pinterest.com/pin/28358672651322837/
https://i.pinimg.com/736x/c4/5b/ae/c45bae8da7f73548f046f59599df9044.jpg,https://jp.pinterest.com/pin/6825836929400187/
https://i.pinimg.com/736x/35/29/68/3529684b9efdd3ea277a1fbf898bbfc3.jpg,https://jp.pinterest.com/pin/6122149487263486/
https://i.pinimg.com/736x/7f/7a/72/7f7a7212b43e5e3c0a895820488b16c7.jpg,https://jp.pinterest.com/pin/60235713761238812/
https://i.pinimg.com/736x/e3/3c/38/e33c38542ceb81f06bc2afb80eb5a4df.jpg,https://jp.pinterest.com/pin/1477812372806999/
https://i.pinimg.com/736x/3f/db/4d/3fdb4dd9fd200db0c1a451ba482e411d.jpg,https://jp.pinterest.com/pin/2181499815751501/
https://i.pinimg.com/736x/d5/6f/88/d56f8870212ce44906a3146eb775bbf3.jpg,https://jp.pinterest.com/pin/774124930956206/
https://i.pinimg.com/736x/7b/1d/2c/7b1d2cccc29cbafcc90225b6fdfbd9f7.jpg,https://jp.pinterest.com/pin/7810999349056024/
https://i.pinimg.com/736x/2e/a1/75/2ea175776b8fa08797ffe84fc47eaf96.jpg,https://jp.pinterest.com/pin/70087337949471658/
https://i.pinimg.com/736x/8f/6e/95/8f6e95f44cda24e2eb179112cc7e94e1.jpg,https://jp.pinterest.com/pin/703756188437278/
https://i.pinimg.com/736x/f3/93/38/f39338ecca867ff11630e33f1cc6d9b5.jpg,https://jp.pinterest.com/pin/46232333733313714/
https://i.pinimg.com/736x/09/ea/55/09ea5503643341a7601950782bfb6bdb.jpg,https://jp.pinterest.com/pin/1970393582872756/
https://i.pinimg.com/736x/f2/37/5e/f2375e108d315c384eae98f3598bec2a.jpg,https://jp.pinterest.com/pin/73113193947010630/
https://i.pinimg.com/736x/11/9d/e0/119de0185c6708bd2bab2d9dd6534262.jpg,https://jp.pinterest.com/pin/4574037117596966/
https://i.pinimg.com/736x/b8/ec/9d/b8ec9d33af6135b0e68cd39d708a15e2.jpg,https://jp.pinterest.com/pin/33636328461532827/
https://i.pinimg.com/736x/d7/19/5c/d7195c391526d15a6273f22df3b33107.jpg,https://jp.pinterest.com/pin/281543725822260/
https://i.pinimg.com/736x/e9/0d/76/e90d763531bfdf81671f8455c9a8e004.jpg,https://jp.pinterest.com/pin/outfitspinterestjuyeon-lee--281543723302017/
https://i.pinimg.com/736x/83/f2/a1/83f2a19f1b00ec9d083ed6930493c4b0.jpg,https://jp.pinterest.com/pin/104497653848678047/
https://i.pinimg.com/736x/14/3c/94/143c941c1a8a909f0ac9dec962c4de84.jpg,https://jp.pinterest.com/pin/2674081024996130/
https://i.pinimg.com/736x/2f/e4/94/2fe4942f48b464f8bf8ae1492c4ec8c8.jpg,https://jp.pinterest.com/pin/49469295903659519/
https://i.pinimg.com/736x/8b/ee/e3/8beee38b71954ded72b2ee16997458db.jpg,https://jp.pinterest.com/pin/1477812372456791/
https://i.pinimg.com/736x/15/2e/62/152e620f781c08db69fdd01eef997880.jpg,https://jp.pinterest.com/pin/6122149487072999/
https://i.pinimg.com/736x/49/f8/ca/49f8ca49bb7250d57b6bbb8b77f9710a.jpg,https://jp.pinterest.com/pin/1477812371808242/
https://i.pinimg.com/736x/93/e0/cd/93e0cd2ac7056577395fccc03d283949.jpg,https://jp.pinterest.com/pin/soloist-styles--12314598977452630/
https://i.pinimg.com/736x/34/bf/c7/34bfc7e70583e02a616a6a48652dcb2b.jpg,https://jp.pinterest.com/pin/minimalistic--2040762328196939/
https://i.pinimg.com/736x/97/98/5a/97985a5dff3ef9c7c7bb8ee9ffdf0cb3.jpg,https://jp.pinterest.com/pin/281543723701260/
https://i.pinimg.com/736x/84/fd/fa/84fdfabe99f23edd62f796877c3a7126.jpg,https://jp.pinterest.com/pin/9640586694620642/
https://i.pinimg.com/736x/05/ee/47/05ee4732994cb2cd1a710555bdde2fa5.jpg,https://jp.pinterest.com/pin/35817759533133356/
https://i.pinimg.com/736x/5d/5d/26/5d5d26f7d81a665daaedae8b0bf8e822.jpg,https://jp.pinterest.com/pin/1477812371760079/
https://i.pinimg.com/736x/f4/57/cc/f457cc1a349a6c54d7c5a28b2a9f020c.jpg,https://jp.pinterest.com/pin/52776626878934951/
https://i.pinimg.com/736x/55/83/ea/5583ea3cd3c64bc4fd8d3bef0bab8242.jpg,https://jp.pinterest.com/pin/in-2025--8936899257279250/
https://i.pinimg.com/736x/18/55/87/185587072db4fc9a7db84e191328abd1.jpg,https://jp.pinterest.com/pin/281543723657551/
https://i.pinimg.com/736x/e6/fd/b5/e6fdb5d1c0d19fd05c08e186de8cb32b.jpg,https://jp.pinterest.com/pin/17944098511511852/
https://i.pinimg.com/736x/ea/49/c3/ea49c38f1eff425b83d340c99d110dc8.jpg,https://jp.pinterest.com/pin/1477812374006442/
https://i.pinimg.com/736x/ee/35/f2/ee35f2bb102577ea31fb0454149332ad.jpg,https://jp.pinterest.com/pin/style--1337074884392402/
https://i.pinimg.com/736x/ca/67/63/ca676363b16e1cf447d44026c753935f.jpg,https://jp.pinterest.com/pin/1477812374242598/
https://i.pinimg.com/736x/1c/cd/c5/1ccdc5193f93a522a2175959ea09e6cc.jpg,https://jp.pinterest.com/pin/apparelpinteresttaeri--19140367161033502/
https://i.pinimg.com/736x/f1/4f/99/f14f9916638712424ec631648c15c68c.jpg,https://jp.pinterest.com/pin/281543723671625/
https://i.pinimg.com/736x/91/8f/2f/918f2fb6921f45d50e33b728ca9b37e1.jpg,https://jp.pinterest.com/pin/1477812373874211/
https://i.pinimg.com/736x/5a/00/d3/5a00d360b8d6d67e1d1f5499b99280b4.jpg,https://jp.pinterest.com/pin/985231164453313/
https://i.pinimg.com/736x/7c/5f/ae/7c5fae9ccf828e46fa1f0458d7bd3eff.jpg,https://jp.pinterest.com/pin/578290408440848212/
https://i.pinimg.com/736x/71/81/84/7181842b5e442186eb95c2fca13c5c1f.jpg,https://jp.pinterest.com/pin/75505731279424247/
https://i.pinimg.com/736x/98/1a/da/981adaea1e8d6a52619c5170aa93df36.jpg,https://jp.pinterest.com/pin/3307399721267481/
https://i.pinimg.com/736x/89/36/4b/89364b1b4b6fa7b83a83670a59463d83.jpg,https://jp.pinterest.com/pin/46232333731941317/
https://i.pinimg.com/736x/47/b6/23/47b623f68307f280f1294627a9d2145c.jpg,https://jp.pinterest.com/pin/2674081022607824/
https://i.pinimg.com/736x/28/16/7a/28167ab1357e5238e0576745e1290eac.jpg,https://jp.pinterest.com/pin/6896205673087579/
https://i.pinimg.com/736x/5e/b7/12/5eb712ad2e2007023ea07cac4a616b81.jpg,https://jp.pinterest.com/pin/774124929963650/
https://i.pinimg.com/736x/f0/0c/2e/f00c2e6fdb93b638698e89c285362837.jpg,https://jp.pinterest.com/pin/22799541859633704/
https://i.pinimg.com/736x/a4/56/f5/a456f536a93cafb3564ee0193f4ded47.jpg,https://jp.pinterest.com/pin/pinterest--364369426123023042/
https://i.pinimg.com/736x/a1/3d/79/a13d79e38341de52d28b259d2075049c.jpg,https://jp.pinterest.com/pin/pin-von-m37-auf-armoire--15903404929890466/
https://i.pinimg.com/736x/a5/46/2a/a5462a3d6bd05dc792f77ace5209433a.jpg,https://jp.pinterest.com/pin/221169031695497476/
https://i.pinimg.com/736x/84/e4/16/84e4162cba9eccd16f99ca8d23752fcf.jpg,https://jp.pinterest.com/pin/19562579626149235/
https://i.pinimg.com/736x/fc/d2/e0/fcd2e0e1a41768a19f802e1e2c57d278.jpg,https://jp.pinterest.com/pin/5559199536695451/
https://i.pinimg.com/736x/09/d6/1c/09d61c379e65a8dd87cb3d2bb2567354.jpg,https://jp.pinterest.com/pin/281543723865374/
https://i.pinimg.com/736x/e0/f2/b1/e0f2b1ac1379f62c397eff6e26c4e8b9.jpg,https://jp.pinterest.com/pin/703756186982078/
https://i.pinimg.com/736x/b7/3b/bc/b73bbcdbcf4dc67a2fa6d698ece835b1.jpg,https://jp.pinterest.com/pin/6122149486842445/
https://i.pinimg.com/736x/d9/40/f2/d940f2af4cbbf2a5f5bab165ce05e529.jpg,https://jp.pinterest.com/pin/24840235439603724/
https://i.pinimg.com/736x/61/78/a4/6178a4e509e57d557e265d4c59a2e00b.jpg,https://jp.pinterest.com/pin/1477812372524184/
https://i.pinimg.com/736x/b6/e0/f6/b6e0f62c5017597050750c6271829f4b.jpg,https://jp.pinterest.com/pin/my-style-in-2025--4644405860560225/
https://i.pinimg.com/736x/45/b4/05/45b4052281cdf16c27cdbb4ba7c2e15c.jpg,https://jp.pinterest.com/pin/outfit--985231163304246/
https://i.pinimg.com/736x/b9/6e/fc/b96efc8d3801327c2655d9618b2c8d8d.jpg,https://jp.pinterest.com/pin/3237030976271026/
https://i.pinimg.com/736x/e8/21/f2/e821f29197587ce40b9c585948c15122.jpg,https://jp.pinterest.com/pin/273664114850066657/
https://i.pinimg.com/736x/c3/63/aa/c363aa9de694520d8f592fa891e3be9e.jpg,https://jp.pinterest.com/pin/49469295903534397/
https://i.pinimg.com/736x/85/8f/4b/858f4b613333041efaad2f8697a737e0.jpg,https://jp.pinterest.com/pin/281543723680816/
https://i.pinimg.com/736x/6e/e1/a9/6ee1a9bba0cf7ff368a02479002dfc32.jpg,https://jp.pinterest.com/pin/19914423347443616/
https://i.pinimg.com/736x/14/36/bb/1436bbd6599d3c543b42fe4a1b1d3faf.jpg,https://jp.pinterest.com/pin/133278470218198183/
https://i.pinimg.com/736x/93/7c/54/937c5452b084edd9067158c1e553b71a.jpg,https://jp.pinterest.com/pin/422281211622070/
https://i.pinimg.com/736x/ae/40/10/ae4010e2207919fcd9ac3fac103922f4.jpg,https://jp.pinterest.com/pin/107593878594572650/
https://i.pinimg.com/736x/0f/89/cc/0f89ccb5983803e982eb211d2f7fc348.jpg,https://jp.pinterest.com/pin/45176802506506527/
https://i.pinimg.com/736x/ce/9d/a6/ce9da6620973c37a3bdae540cce0c51c.jpg,https://jp.pinterest.com/pin/outfit-in-2025--985231164458378/
https://i.pinimg.com/736x/40/12/58/401258910579061b607189db9c6b4fed.jpg,https://jp.pinterest.com/pin/11822017767057850/
https://i.pinimg.com/736x/d0/5b/99/d05b99f9831d591fab0e30735f8b1d03.jpg,https://jp.pinterest.com/pin/4503668371809302/
https://i.pinimg.com/736x/67/93/dc/6793dc0f7f2b6d2abb0ae8791c72b9c0.jpg,https://jp.pinterest.com/pin/33565959717735503/
https://i.pinimg.com/736x/51/5a/33/515a334c3935dfc770680dad269624dd.jpg,https://jp.pinterest.com/pin/14918242511068221/
https://i.pinimg.com/736x/31/7f/f9/317ff99eb33ac9516d8c31cf3e06ee03.jpg,https://jp.pinterest.com/pin/44121271345746145/
https://i.pinimg.com/736x/3e/fe/e4/3efee45c68c26676a908be7a0892d8dc.jpg,https://jp.pinterest.com/pin/3307399721356235/
https://i.pinimg.com/736x/ba/65/ff/ba65ff87794e7893a39fb9334dff84f9.jpg,https://jp.pinterest.com/pin/18788523441276407/
https://i.pinimg.com/736x/64/44/2e/64442e5d3ad79cd53f25bfc53e827fca.jpg,https://jp.pinterest.com/pin/3799980927573138/
https://i.pinimg.com/736x/1e/7b/72/1e7b72777d7d3aea0309ffc015e1dd2f.jpg,https://jp.pinterest.com/pin/7599893114666616/
https://i.pinimg.com/736x/56/c7/7f/56c77f4075466296956a34657276e041.jpg,https://jp.pinterest.com/pin/72339137757690897/
https://i.pinimg.com/736x/07/a7/75/07a775c6bb2c108be39b73663869244a.jpg,https://jp.pinterest.com/pin/19773685858565788/
https://i.pinimg.com/736x/03/8e/85/038e85707b0181e4e63929a3597ac99c.jpg,https://jp.pinterest.com/pin/22588435627522094/
https://i.pinimg.com/736x/11/de/1b/11de1b49a3ed2422ddbf22ecaebe3c1c.jpg,https://jp.pinterest.com/pin/f--1266706140845614/
https://i.pinimg.com/736x/63/20/87/6320873a7565afdbccf4a7b2f89c1de4.jpg,https://jp.pinterest.com/pin/5911043259033488/
https://i.pinimg.com/736x/f1/80/40/f18040dd654b9faabda0e3c09a8a4adb.jpg,https://jp.pinterest.com/pin/5699937022613438/
https://i.pinimg.com/736x/cc/bc/52/ccbc52a05c75e6b7c5a20516dcc0c509.jpg,https://jp.pinterest.com/pin/h--1477812373187457/
https://i.pinimg.com/736x/96/a7/e9/96a7e9ec5d2e54c625d0f836ff09f417.jpg,https://jp.pinterest.com/pin/1477812372763400/
https://i.pinimg.com/736x/a3/c5/2a/a3c52a8b21c8a901eb290f0d62772240.jpg,https://jp.pinterest.com/pin/633387442382325/
https://i.pinimg.com/736x/3a/27/94/3a27945bddb9c2add1ed9c823621cef1.jpg,https://jp.pinterest.com/pin/street-stylepinterestsangi--633387442382326/
https://i.pinimg.com/736x/75/8b/f0/758bf09f3fad1bfcddb529f4117a3220.jpg,https://jp.pinterest.com/pin/29625310046628192/
https://i.pinimg.com/736x/74/85/d2/7485d2a9eafe8b0814f79f155d97aad6.jpg,https://jp.pinterest.com/pin/70437490019733/
https://i.pinimg.com/736x/20/83/8a/20838aed25fcc8810c0d8df6f647386a.jpg,https://jp.pinterest.com/pin/12173861486424506/
https://i.pinimg.com/736x/e6/d3/57/e6d3578a8ac09b337edeae4ca5d5633c.jpg,https://jp.pinterest.com/pin/83105555619185206/
https://i.pinimg.com/736x/10/11/fa/1011fae9bbe5d87fe611056d86cce84b.jpg,https://jp.pinterest.com/pin/188166090677261533/
https://i.pinimg.com/736x/33/90/08/3390085b99b72575a39a772e4746f649.jpg,https://jp.pinterest.com/pin/34269647161972573/
https://i.pinimg.com/736x/49/5e/63/495e6345846c05ed4233fb3fe9fc6a8f.jpg,https://jp.pinterest.com/pin/128915608079220142/
https://i.pinimg.com/736x/5e/51/c8/5e51c8deba8bf5eca8ff47a81c802a3c.jpg,https://jp.pinterest.com/pin/sunny-days--3307399720302228/
https://i.pinimg.com/736x/0b/2c/42/0b2c42f2f092bad702c8b0ce2b0a68ba.jpg,https://jp.pinterest.com/pin/aw-code--985231162117312/
https://i.pinimg.com/736x/53/1a/89/531a89de5fde479e4cc8cf0b87ce820d.jpg,https://jp.pinterest.com/pin/63543044738013510/
https://i.pinimg.com/736x/d1/d4/a1/d1d4a15933dfdc21f87efa0eb1777cec.jpg,https://jp.pinterest.com/pin/20407004557046393/
https://i.pinimg.com/736x/f8/3d/88/f83d88fe1d69456f3e58556129258edf.jpg,https://jp.pinterest.com/pin/wardrobe--492649954201180/
https://i.pinimg.com/736x/00/57/5a/00575a400366d36f9f2c348a4e2a5d17.jpg,https://jp.pinterest.com/pin/in-2024--34762228368071205/
https://i.pinimg.com/736x/8e/1e/c5/8e1ec5218275f58ddae78b70ce1fd90a.jpg,https://jp.pinterest.com/pin/style-in-2024--31877109856712915/
https://i.pinimg.com/736x/e6/f7/d1/e6f7d19c6f24079788df0b141c9256ab.jpg,https://jp.pinterest.com/pin/14355292556773587/
https://i.pinimg.com/736x/ae/94/4b/ae944b1e8c71203918f5665c9d575127.jpg,https://jp.pinterest.com/pin/23714335535697407/
https://i.pinimg.com/736x/ae/d9/91/aed9914b343f3dfb10b94dcb60fe13f0.jpg,https://jp.pinterest.com/pin/3307399720810395/
https://i.pinimg.com/736x/6a/f4/3d/6af43db9dbc7c29c540932505897c3b3.jpg,https://jp.pinterest.com/pin/en-2024--4081455906113255/
https://i.pinimg.com/736x/e7/9a/b8/e79ab8efe654092c334eceea6c7377ca.jpg,https://jp.pinterest.com/pin/231935449555138833/
https://i.pinimg.com/736x/4f/2a/39/4f2a392040ebe700bc876e516a282c53.jpg,https://jp.pinterest.com/pin/da--31806741112396502/
https://i.pinimg.com/736x/1b/59/b1/1b59b14f35836d8d1d3be7c529bfffaa.jpg,https://jp.pinterest.com/pin/8514686791104938/
https://i.pinimg.com/736x/99/8c/d9/998cd9463f4600e5613272faccb2cc1a.jpg,https://jp.pinterest.com/pin/streetstyle-happens--8936899257319022/
https://i.pinimg.com/736x/6b/5a/bd/6b5abd8648cc2210a7ac0f103706b389.jpg,https://jp.pinterest.com/pin/15481192461826713/
https://i.pinimg.com/736x/5b/24/fb/5b24fb983a1f490b75bda5b70be03e16.jpg,https://jp.pinterest.com/pin/375628425191804711/
https://i.pinimg.com/736x/aa/59/4a/aa594ae7c1c764aebce13336812702a3.jpg,https://jp.pinterest.com/pin/4151824649604156/
https://i.pinimg.com/736x/ef/eb/ca/efebca7c7ea1cf3e5062a1529b49204e.jpg,https://jp.pinterest.com/pin/adidas-track-jacket-adidas-sambas-japanese-streetwear--3518505954293826/
https://i.pinimg.com/736x/24/c2/e3/24c2e3ba6951dfe673fe7abd12d6c49e.jpg,https://jp.pinterest.com/pin/21392166973521808/
https://i.pinimg.com/736x/8c/2d/5d/8c2d5d5953d386a5a80f663c5ad48b23.jpg,https://jp.pinterest.com/pin/703756186975656/
https://i.pinimg.com/736x/67/0a/96/670a9639694e0d9773c92b2423242bcd.jpg,https://jp.pinterest.com/pin/8655424281829023/
https://i.pinimg.com/736x/54/21/4f/54214f2670601f35799ada84d4f1e3fe.jpg,https://jp.pinterest.com/pin/1477812371840751/
https://i.pinimg.com/736x/09/ea/9c/09ea9cd772150755ce75e5bc8478ae52.jpg,https://jp.pinterest.com/pin/5136987070458872/
https://i.pinimg.com/736x/ea/29/54/ea2954634a015601791687fc7de9426c.jpg,https://jp.pinterest.com/pin/3799980930689160/
https://i.pinimg.com/736x/74/79/f5/7479f5637fe7d47d6fbef22c6f89abdd.jpg,https://jp.pinterest.com/pin/1688918606440159/
https://i.pinimg.com/736x/dc/74/f8/dc74f85b3e7d007e1a57998e467a83bc.jpg,https://jp.pinterest.com/pin/14918242511068222/
https://i.pinimg.com/736x/08/b3/e1/08b3e1f925e6df44e01be62ab425004b.jpg,https://jp.pinterest.com/pin/8303580558809079/
https://i.pinimg.com/736x/0f/cd/d9/0fcdd97d303e44ca84405761b9755729.jpg,https://jp.pinterest.com/pin/32228953576174020/
https://i.pinimg.com/736x/56/b8/da/56b8da606178076d044f5ae9454ffdd5.jpg,https://jp.pinterest.com/pin/1477812372298544/
https://i.pinimg.com/736x/9d/8d/cf/9d8dcfa451094fea7dd9fe1472a665c3.jpg,https://jp.pinterest.com/pin/1477812371739464/
https://i.pinimg.com/736x/1a/06/a4/1a06a4f0e8a3f117f3e734e191c91f91.jpg,https://jp.pinterest.com/pin/6825836929720567/
https://i.pinimg.com/736x/d3/0c/ad/d30cad8c2c6542ce204ced098e6f8e0a.jpg,https://jp.pinterest.com/pin/style--9077636741841230/
https://i.pinimg.com/736x/da/2a/4e/da2a4ebb03699902d9e47a121541994a.jpg,https://jp.pinterest.com/pin/37576978137298135/
https://i.pinimg.com/736x/43/81/83/438183aced2334aec91e3c7e104f9517.jpg,https://jp.pinterest.com/pin/outfit-inspo--422281209486889/
https://i.pinimg.com/736x/cb/2c/6b/cb2c6bb9aae5dbf582620b4fb1e70a35.jpg,https://jp.pinterest.com/pin/3799980930691898/
https://i.pinimg.com/736x/7a/c4/12/7ac412902abc6d3a9ac370e558bebb11.jpg,https://jp.pinterest.com/pin/34269647161832963/
https://i.pinimg.com/736x/68/24/d7/6824d7f6061a1d4014a520e6d552f2f5.jpg,https://jp.pinterest.com/pin/8936899257367564/
https://i.pinimg.com/736x/fb/95/ed/fb95ed4636f78c919aae2780aa6763bb.jpg,https://jp.pinterest.com/pin/281543723865354/
https://i.pinimg.com/736x/8b/4d/7c/8b4d7c4cb8e451ac8ed94d3e57de1ad5.jpg,https://jp.pinterest.com/pin/18577417207398139/
https://i.pinimg.com/736x/5a/4d/fa/5a4dfa004968477ab0c4ea294ac48a32.jpg,https://jp.pinterest.com/pin/5629568276959439/
https://i.pinimg.com/736x/b8/84/74/b884742437bf08c299763c5ef9d56575.jpg,https://jp.pinterest.com/pin/154881674679399831/
https://i.pinimg.com/736x/0d/3c/cc/0d3cccbef4dd25da44269540c900c894.jpg,https://jp.pinterest.com/pin/280841726756109962/
https://i.pinimg.com/736x/16/8e/47/168e4719a3366f308dd45a7c81115133.jpg,https://jp.pinterest.com/pin/fashion--15199717488360370/
https://i.pinimg.com/736x/c5/20/ba/c520baf6b896b323161b280e8d13a316.jpg,https://jp.pinterest.com/pin/703756188456308/
https://i.pinimg.com/736x/84/3c/71/843c716e9bad4ac6c7b879af485c79cc.jpg,https://jp.pinterest.com/pin/2674081025266903/
https://i.pinimg.com/736x/74/4c/14/744c1453e1cc8bb49a4c9c1dabe839a5.jpg,https://jp.pinterest.com/pin/6896205673092923/
https://i.pinimg.com/736x/bb/ca/cf/bbcacfbad6628368c7f6906bfa657dc2.jpg,https://jp.pinterest.com/pin/23010648093280832/
https://i.pinimg.com/736x/a8/10/fa/a810fa87d602fe9cbdde322ad711ceda.jpg,https://jp.pinterest.com/pin/258464466108794007/
https://i.pinimg.com/736x/cd/b5/e8/cdb5e8e3cdc4c9bc3bf044eb4b9a1778.jpg,https://jp.pinterest.com/pin/275915914666814295/
https://i.pinimg.com/736x/22/c2/59/22c259c8cda8805a880d0cb310f83d63.jpg,https://jp.pinterest.com/pin/1618549864105085/
https://i.pinimg.com/736x/a0/61/a1/a061a199120a92d776489c7f24969d39.jpg,https://jp.pinterest.com/pin/7459155629006352/
https://i.pinimg.com/736x/06/26/2e/06262e4cf1950696bfd0544c66612fd3.jpg,https://jp.pinterest.com/pin/31806741112307552/
https://i.pinimg.com/736x/39/76/f8/3976f84dde91a3ebffd7c2cc0fba4ec5.jpg,https://jp.pinterest.com/pin/4011087166987037/
https://i.pinimg.com/736x/91/78/04/917804d170a5b20614840d8dbcaf1c0b.jpg,https://jp.pinterest.com/pin/vogue--26599454042163352/
https://i.pinimg.com/736x/96/57/81/96578132182ef9c819bac21a25e3036f.jpg,https://jp.pinterest.com/pin/10766486606097487/
https://i.pinimg.com/736x/e9/90/08/e990081a3afa70d05bb48d20dc3fa4ed.jpg,https://jp.pinterest.com/pin/521502831872199379/
https://i.pinimg.com/736x/2d/28/76/2d28764ce3fe9e14f63488fb223dd25a.jpg,https://jp.pinterest.com/pin/fw--14777505021676878/
https://i.pinimg.com/736x/ee/ef/1c/eeef1c925a8f303d105fddf53ed6e821.jpg,https://jp.pinterest.com/pin/1477812373251312/
https://i.pinimg.com/736x/af/79/b4/af79b46f110156daba3255cfcd16c53c.jpg,https://jp.pinterest.com/pin/inspiration--844493675045791/
https://i.pinimg.com/736x/c9/f1/03/c9f10377747fbdd1d0bceddc96bc8ce5.jpg,https://jp.pinterest.com/pin/15199717489862907/
https://i.pinimg.com/736x/e6/5e/f8/e65ef8be97d422dd0db9ddaae5e34f44.jpg,https://jp.pinterest.com/pin/12384967722954799/
https://i.pinimg.com/736x/d9/f1/5f/d9f15ff98eb8787890782ca0c4a94144.jpg,https://jp.pinterest.com/pin/2674081025179199/
https://i.pinimg.com/736x/d2/eb/bd/d2ebbd4fa8e020432e5db8452d216ae9.jpg,https://jp.pinterest.com/pin/27795722695144943/
https://i.pinimg.com/736x/28/23/26/2823262db3d72b2dc3369200639b1221.jpg,https://jp.pinterest.com/pin/3307399721267155/
https://i.pinimg.com/736x/71/f4/d9/71f4d9c70066fbafbe4d5b8370553d0a.jpg,https://jp.pinterest.com/pin/15481192462186987/
https://i.pinimg.com/736x/e7/74/3b/e7743b517582ef0efdf33fbaf07bfd46.jpg,https://jp.pinterest.com/pin/34269647161978533/
https://i.pinimg.com/736x/ba/3c/38/ba3c389bc06d96f649358ae4b404f8a1.jpg,https://jp.pinterest.com/pin/spri--351912465671839/
https://i.pinimg.com/736x/a1/d9/c7/a1d9c7a2bac086565441648072936a05.jpg,https://jp.pinterest.com/pin/1266706140845605/
https://i.pinimg.com/736x/01/9d/d3/019dd3ee47593d45950ef4621fc990aa.jpg,https://jp.pinterest.com/pin/38280665578812323/
https://i.pinimg.com/736x/a0/57/3a/a0573a3825c3f3f9da987840fae3feb2.jpg,https://jp.pinterest.com/pin/rebecca-donaldson-in-2025--10203536650854262/
https://i.pinimg.com/736x/96/23/4e/96234ed71d7ae6153d9581a3eece5914.jpg,https://jp.pinterest.com/pin/191121577931924630/
https://i.pinimg.com/736x/f7/a1/fc/f7a1fc7180ca52b292647777db25ea13.jpg,https://jp.pinterest.com/pin/62346776086906100/
https://i.pinimg.com/736x/3a/0a/c9/3a0ac9a968617a3cb4636ac0cc7f86bc.jpg,https://jp.pinterest.com/pin/83175924380229174/
https://i.pinimg.com/736x/cc/89/0a/cc890a6a46406a25078f6c88ebae2760.jpg,https://jp.pinterest.com/pin/azukikimura--1477812371840752/
https://i.pinimg.com/736x/07/d1/1b/07d11bcddce33cb22de23067053df5dd.jpg,https://jp.pinterest.com/pin/11822017766295489/
https://i.pinimg.com/736x/27/9e/a6/279ea6edfe7d8795cee666df83f07f06.jpg,https://jp.pinterest.com/pin/422281211202093/
https://i.pinimg.com/736x/13/ca/82/13ca82e01d13b1acf850e77fdbf24e9a.jpg,https://jp.pinterest.com/pin/6051780745096007/
https://i.pinimg.com/736x/29/ce/1e/29ce1ebd7a29df89b71db76accffe6d5.jpg,https://jp.pinterest.com/pin/774124930956180/
https://i.pinimg.com/736x/f0/3c/6e/f03c6e2df20083089865bf4f02862529.jpg,https://jp.pinterest.com/pin/40321359161793690/
https://i.pinimg.com/736x/34/a0/e6/34a0e6b15716537835ec3f4082d29f9a.jpg,https://jp.pinterest.com/pin/17803361026139043/
https://i.pinimg.com/736x/0d/08/b9/0d08b9d146d2e74ae15f18f222458e16.jpg,https://jp.pinterest.com/pin/pin-van-trabelsi-eya-op-mode-daujourdhui--11610911540982445/
https://i.pinimg.com/736x/b9/12/68/b91268433fe0fd4f41a5e2bce15d84d9.jpg,https://jp.pinterest.com/pin/281543725098403/
https://i.pinimg.com/736x/0b/76/61/0b7661ccf9ffb78e15d0c2fa7ed76686.jpg,https://jp.pinterest.com/pin/405394403981527208/
https://i.pinimg.com/736x/d0/48/3b/d0483bde6c5867460539d97767646e20.jpg,https://jp.pinterest.com/pin/91057223710838067/
https://i.pinimg.com/736x/9d/49/28/9d4928f3eb17553670b62ce2fb963479.jpg,https://jp.pinterest.com/pin/mongpinterestseur0sie--1407443627004040/
https://i.pinimg.com/736x/3f/ae/80/3fae8080a56309c33e54162106451e60.jpg,https://jp.pinterest.com/pin/11118330327582098/
https://i.pinimg.com/736x/c1/84/db/c184db585c2f67af2324121114d4c4e3.jpg,https://jp.pinterest.com/pin/3307399720302223/
https://i.pinimg.com/736x/bf/52/c2/bf52c2ac2e6489eb37e48c6fc80559a2.jpg,https://jp.pinterest.com/pin/12173861488648208/
https://i.pinimg.com/736x/aa/51/c9/aa51c90ccdb21c32493cdef331e6ab2a.jpg,https://jp.pinterest.com/pin/4714774604194222/
https://i.pinimg.com/736x/5c/19/b8/5c19b8354322e8731948620c4b8dd8be.jpg,https://jp.pinterest.com/pin/29625310046025973/
https://i.pinimg.com/736x/a9/97/6e/a9976edc5484fd158115c2559cd6067f.jpg,https://jp.pinterest.com/pin/in-2024--6122149486832496/
https://i.pinimg.com/736x/c4/45/b5/c445b5dbcd45bb39ea8a10c53756bfed.jpg,https://jp.pinterest.com/pin/6966574419397565/
https://i.pinimg.com/736x/8d/bb/e6/8dbbe61aa45173b571d31d612d15f5b8.jpg,https://jp.pinterest.com/pin/7670261861509294/
https://i.pinimg.com/736x/f7/9a/0a/f79a0ac6047b0b312bce7f68351bbea8.jpg,https://jp.pinterest.com/pin/10344274143791952/
https://i.pinimg.com/736x/13/dc/bb/13dcbbde59698de4148429a240528a37.jpg,https://jp.pinterest.com/pin/8303580558568396/
https://i.pinimg.com/736x/b0/2d/8c/b02d8c9aeb1b0bb5b472f150e70f2be6.jpg,https://jp.pinterest.com/pin/h-in-2025--1477812373872838/
https://i.pinimg.com/736x/5b/e2/70/5be270cbd73d9edcfe931a1d75152fdb.jpg,https://jp.pinterest.com/pin/703756188339787/
https://i.pinimg.com/736x/d6/d1/da/d6d1da846b95c062de83cd8801f1b9ad.jpg,https://jp.pinterest.com/pin/fashion--422281210533109/
https://i.pinimg.com/736x/8c/8c/0f/8c8c0ff44b8553933ab0be1058432efa.jpg,https://jp.pinterest.com/pin/83879611804991903/
https://i.pinimg.com/736x/63/21/45/63214510f38f828d3112065940fb8db2.jpg,https://jp.pinterest.com/pin/2744449768622700/
https://i.pinimg.com/736x/61/73/6d/61736deb92fd8b699cbf922349e0e995.jpg,https://jp.pinterest.com/pin/11822017767047527/
https://i.pinimg.com/736x/da/32/6e/da326e1aeb02810c3d64ac7724da5220.jpg,https://jp.pinterest.com/pin/87046205295597531/
https://i.pinimg.com/736x/0c/f3/d2/0cf3d23be4626d88e5f97aa596e284e9.jpg,https://jp.pinterest.com/pin/clothes--2674081021811750/
https://i.pinimg.com/736x/a5/11/5e/a5115e434de4785b6d8599bf38dc32c8.jpg,https://jp.pinterest.com/pin/1970393583598575/
https://i.pinimg.com/736x/66/1b/b9/661bb914a91e0e261c6b9f4c4f19dca7.jpg,https://jp.pinterest.com/pin/60376451248881752/
https://i.pinimg.com/736x/8d/4b/72/8d4b72fc038122c7d5886825d68c23b0.jpg,https://jp.pinterest.com/pin/10203536651514380/
https://i.pinimg.com/736x/8c/00/62/8c00622e1373214302784970946d0fc9.jpg,https://jp.pinterest.com/pin/112308584463217219/
https://i.pinimg.com/736x/eb/8b/40/eb8b401210b3433ae41d417a217e6fae.jpg,https://jp.pinterest.com/pin/id-withyohkoh--8655424280384815/
https://i.pinimg.com/736x/f4/07/e6/f407e6635c9c9a79e56122b69f540643.jpg,https://jp.pinterest.com/pin/ouffits--73746512642161148/
https://i.pinimg.com/736x/e4/8d/cd/e48dcd084444d994910c7d532a220ede.jpg,https://jp.pinterest.com/pin/38491771811129961/
https://i.pinimg.com/736x/64/e9/58/64e95848d73e9c0768a1b0635baf1c00.jpg,https://jp.pinterest.com/pin/75505731279809521/
https://i.pinimg.com/736x/36/fe/5b/36fe5ba8a61c4b3b366444ff5f85231d.jpg,https://jp.pinterest.com/pin/fashionpinterest--348888302400545507/
https://i.pinimg.com/736x/8b/6d/11/8b6d1141c2a8e3fa6b555715aec14c9b.jpg,https://jp.pinterest.com/pin/70437490101121/
https://i.pinimg.com/736x/b5/ca/c6/b5cac694835b9316bbc6ec566f1c3019.jpg,https://jp.pinterest.com/pin/70437490338420/
https://i.pinimg.com/736x/24/b8/a0/24b8a0668851bf5091db1dd73607c163.jpg,https://jp.pinterest.com/pin/4151824648811148/
https://i.pinimg.com/736x/28/dd/a6/28dda620a9d1f192b4ca2f8a710c4b29.jpg,https://jp.pinterest.com/pin/22166223163041643/
https://i.pinimg.com/736x/64/5f/9a/645f9ae22fa04c54676578cf3bd3257a.jpg,https://jp.pinterest.com/pin/268738302759932247/
https://i.pinimg.com/736x/6b/79/c1/6b79c1493b513cee267620fa958da593.jpg,https://jp.pinterest.com/pin/281543725098405/
https://i.pinimg.com/736x/f4/ca/a9/f4caa9734d61ab5b2076cf9418d2ba5e.jpg,https://jp.pinterest.com/pin/in-2024--5629568278012943/
https://i.pinimg.com/736x/24/56/47/2456478b89fe5aa1c7506373a2a3754a.jpg,https://jp.pinterest.com/pin/fits-4-me--11470174045463544/
https://i.pinimg.com/736x/e5/25/c2/e525c2941b6c34d1fdebd997c65529e0.jpg,https://jp.pinterest.com/pin/fashion--351912464157919/
https://i.pinimg.com/736x/d8/2b/17/d82b176b1a78cf6c88038444366f9ff9.jpg,https://jp.pinterest.com/pin/125115695892833134/
https://i.pinimg.com/736x/85/8d/6e/858d6e0e05173bdcff595bf99266fb9d.jpg,https://jp.pinterest.com/pin/6896205671346235/
https://i.pinimg.com/736x/12/71/e2/1271e21a962c321868ddf80d103bb622.jpg,https://jp.pinterest.com/pin/in-2025--8303580558545877/
https://i.pinimg.com/736x/64/4e/a0/644ea07aff6a7654c2d7d160ab8ea06d.jpg,https://jp.pinterest.com/pin/18436679715052765/
https://i.pinimg.com/736x/57/2d/27/572d27e24fd3a02ab946e0e2bf237dfd.jpg,https://jp.pinterest.com/pin/14918242510639979/
https://i.pinimg.com/736x/a8/87/4f/a8874f5a905c9956834eedc8e215b786.jpg,https://jp.pinterest.com/pin/290341507240390434/
https://i.pinimg.com/736x/30/6c/28/306c28582dac8695d803fac5fe6293a9.jpg,https://jp.pinterest.com/pin/1337074889358125/
https://i.pinimg.com/736x/35/79/79/357979e959950b5423288f4f03532c90.jpg,https://jp.pinterest.com/pin/ghim-ca-miho-trn-trong-2025--47569339810001389/
https://i.pinimg.com/736x/eb/5e/2e/eb5e2e287820dd4d1e5f1d8efc4a0f35.jpg,https://jp.pinterest.com/pin/fashion-2023pinterestkatrina-park--16958936094315281/
https://i.pinimg.com/736x/be/75/be/be75bee5a675f544c246ff991e24ed36.jpg,https://jp.pinterest.com/pin/41236152833057337/
https://i.pinimg.com/736x/88/cc/0b/88cc0b7b4b2e4dc82ac870787d0b2862.jpg,https://jp.pinterest.com/pin/319263061103439085/
https://i.pinimg.com/736x/d4/35/46/d43546e0add77d302d77e4a1d9b9120a.jpg,https://jp.pinterest.com/pin/36591815717800471/
https://i.pinimg.com/736x/c5/f5/33/c5f5331efa145c63da0c60e0479fbcee.jpg,https://jp.pinterest.com/pin/4574037116035828/
https://i.pinimg.com/736x/e7/06/b1/e706b18194e7177d9a5a1d85ed886f6c.jpg,https://jp.pinterest.com/pin/34551122139743615/
https://i.pinimg.com/736x/13/8e/2f/138e2fee93eea95e463a830671b19bd3.jpg,https://jp.pinterest.com/pin/41869471531333285/
https://i.pinimg.com/736x/44/24/f5/4424f5388ce34b0c2c2dddaa42abf3f2.jpg,https://jp.pinterest.com/pin/clothes-fashion-etc-in-2025--30610472461552742/
https://i.pinimg.com/736x/d9/12/c1/d912c10101248f69a36c83bdaad36c35.jpg,https://jp.pinterest.com/pin/gud-fitmentpinterestkai-iwami--59672763807236456/
https://i.pinimg.com/736x/f2/62/e1/f262e11003a33a67d6478d344f4642cc.jpg,https://jp.pinterest.com/pin/7529524371895994/
https://i.pinimg.com/736x/9b/be/81/9bbe81ab9f71d24210ec301c7d11aebe.jpg,https://jp.pinterest.com/pin/492649953670483/
https://i.pinimg.com/736x/d8/67/57/d867573e8a27131778f391fa0ef079af.jpg,https://jp.pinterest.com/pin/29062360090356731/
https://i.pinimg.com/736x/52/18/86/52188603ff7bec3e7a03e38f66369fda.jpg,https://jp.pinterest.com/pin/clothes--844493672013199/
https://i.pinimg.com/736x/5d/67/81/5d6781e345cb055255f38f59b7a5a89f.jpg,https://jp.pinterest.com/pin/1548181185519705/
https://i.pinimg.com/736x/f8/fc/b7/f8fcb7ec56cd58ec4a26b588965dc5fe.jpg,https://jp.pinterest.com/pin/10344274146617293/
https://i.pinimg.com/736x/9f/fc/4f/9ffc4f44e4a02d5a433b82afa98ce8a4.jpg,https://jp.pinterest.com/pin/8936899256998951/
https://i.pinimg.com/736x/8a/f0/42/8af042f41bd44bcd986486ffd1dfac3b.jpg,https://jp.pinterest.com/pin/1337074889276657/
https://i.pinimg.com/736x/1c/b3/ee/1cb3ee11de9005bde7c690e80ae05b87.jpg,https://jp.pinterest.com/pin/6122149487675239/
https://i.pinimg.com/736x/d6/02/1d/d6021d1d5c506aefb4f6af1ee41f9965.jpg,https://jp.pinterest.com/pin/10977592836733814/
https://i.pinimg.com/736x/fd/93/c0/fd93c00701ae1c1668676c53dc3e2edc.jpg,https://jp.pinterest.com/pin/11540542793750267/
https://i.pinimg.com/736x/71/6c/34/716c34f7900f78426c9f434afe79b06b.jpg,https://jp.pinterest.com/pin/ghim-ca-ni-trn-fits--33565959716679296/
https://i.pinimg.com/736x/84/61/b4/8461b43b2abe83e56389e548c2377ec8.jpg,https://jp.pinterest.com/pin/26106872837059915/
https://i.pinimg.com/736x/a2/d3/0b/a2d30b7669631611eb0069cbbd5a93fb.jpg,https://jp.pinterest.com/pin/2674081022627972/
https://i.pinimg.com/736x/e7/a3/44/e7a3443dc47809c005529355b7ba0e3b.jpg,https://jp.pinterest.com/pin/outfits2--20195898325244504/
https://i.pinimg.com/736x/62/ca/04/62ca04d7a290bd8bd908fe90e5924d4c.jpg,https://jp.pinterest.com/pin/32369691067432165/
https://i.pinimg.com/736x/74/74/a9/7474a9635509dc47d1115785d17fb173.jpg,https://jp.pinterest.com/pin/191614159139765394/
https://i.pinimg.com/736x/cb/b3/51/cbb351994facfef15e4a1c0257bd523f.jpg,https://jp.pinterest.com/pin/15340454974918978/
https://i.pinimg.com/736x/6f/66/75/6f66756cf659c024a182bae09a7229ab.jpg,https://jp.pinterest.com/pin/774124930458678/
https://i.pinimg.com/736x/29/5b/7e/295b7e2e71f0da8bb9ed2c6d832d3c8c.jpg,https://jp.pinterest.com/pin/603904631312023334/
https://i.pinimg.com/736x/2f/18/6a/2f186a4db54430bde3fe9d49b436071d.jpg,https://jp.pinterest.com/pin/311311393013335547/
https://i.pinimg.com/736x/e8/b2/26/e8b226c4b04034dc636ef122ba8b7ecf.jpg,https://jp.pinterest.com/pin/wish--7881368091817257/
https://i.pinimg.com/736x/c7/53/bb/c753bb9d234246de05514b607994bbd2.jpg,https://jp.pinterest.com/pin/75505731276954260/
https://i.pinimg.com/736x/5b/5e/5d/5b5e5da714b0200bc90374c9f343d289.jpg,https://jp.pinterest.com/pin/130956301659217865/
https://i.pinimg.com/736x/f8/81/c8/f881c8ecb37689e55ccb937f00602046.jpg,https://jp.pinterest.com/pin/styles-reveka--1970393581957883/
https://i.pinimg.com/736x/2c/72/cd/2c72cd3417165fe4614ef49554738d6c.jpg,https://jp.pinterest.com/pin/281543724325091/
https://i.pinimg.com/736x/73/d4/22/73d4220336305eeb1d63921d7ff1d609.jpg,https://jp.pinterest.com/pin/127226758217497633/
https://i.pinimg.com/736x/7d/00/8a/7d008a3a171b7b06c2230d27f28a0498.jpg,https://jp.pinterest.com/pin/1548181166257770/
https://i.pinimg.com/736x/4f/65/ef/4f65ef4b58061c7ca5ec49bb15bbb8c5.jpg,https://jp.pinterest.com/pin/985231164113613/
https://i.pinimg.com/736x/c6/3d/e9/c63de970063b75233aef7897b7b2f02e.jpg,https://jp.pinterest.com/pin/379569074868250185/
https://i.pinimg.com/736x/8f/26/59/8f265989e0bf9c9d026c795489e6483b.jpg,https://jp.pinterest.com/pin/jkt-and-coat--2181499813669374/
https://i.pinimg.com/736x/d1/af/33/d1af332f779305cea8e4d988f72c4d90.jpg,https://jp.pinterest.com/pin/6403624464269911/
https://i.pinimg.com/736x/4e/34/fd/4e34fd314e8eb7ceb3cd80f978b8e96b.jpg,https://jp.pinterest.com/pin/things-to-wear--53269208088333348/
https://i.pinimg.com/736x/67/ee/ad/67eead075f3d7b4368e40a03a53c67f9.jpg,https://jp.pinterest.com/pin/6122149486317138/
https://i.pinimg.com/736x/da/42/67/da4267d7306fd925a8c67af99d8993a0.jpg,https://jp.pinterest.com/pin/14918242511068223/
https://i.pinimg.com/736x/61/93/3b/61933b8d03c1d3ca792ab56ea2a77a5c.jpg,https://jp.pinterest.com/pin/281543725125905/
https://i.pinimg.com/736x/9e/96/5c/9e965c54513d426b045934607dec478e.jpg,https://jp.pinterest.com/pin/32228953576430121/
https://i.pinimg.com/736x/ac/06/f4/ac06f40afca8d98a274a0f7042f06f07.jpg,https://jp.pinterest.com/pin/10907224092286760/
https://i.pinimg.com/736x/ac/25/34/ac25345b90f12eab43eeab581093d86a.jpg,https://jp.pinterest.com/pin/pinterestnanako-takizawa--5911043259491625/
https://i.pinimg.com/736x/e4/03/1e/e4031e6bc1d7c78985fbbd5ae1ec0e7f.jpg,https://jp.pinterest.com/pin/8725793024494751/
https://i.pinimg.com/736x/18/e7/6f/18e76f7af8329b39357cabf658f0244c.jpg,https://jp.pinterest.com/pin/das-de-pereza-in-2025--43347215159971999/
https://i.pinimg.com/736x/b8/a8/98/b8a8986a778f05d9d285130ab657d136.jpg,https://jp.pinterest.com/pin/2533343533113270/
https://i.pinimg.com/736x/d6/d6/54/d6d654ebb9afa8deda1fcbedd8e18960.jpg,https://jp.pinterest.com/pin/fashion-in-2025--563018698816837/
https://i.pinimg.com/736x/a0/aa/2d/a0aa2d4e8e78f176e1f00dea6cf438f6.jpg,https://jp.pinterest.com/pin/6051780745564140/
https://i.pinimg.com/736x/fe/71/ce/fe71ce3c080507acaaf6e7c07f4d2ae9.jpg,https://jp.pinterest.com/pin/5629568278841476/
https://i.pinimg.com/736x/d2/d8/81/d2d8813be9e64196486b642de6c4549d.jpg,https://jp.pinterest.com/pin/1477812374488527/
https://i.pinimg.com/736x/c8/8d/1c/c88d1cd81b451c97d5b2e2bce57463c5.jpg,https://jp.pinterest.com/pin/spring-outfits-2023-in-2025--39336196740151734/
https://i.pinimg.com/736x/22/e6/1c/22e61caefb42060dc70718b1e8be610d.jpg,https://jp.pinterest.com/pin/1407443629570692/
https://i.pinimg.com/736x/94/95/cc/9495ccd2d6f4eb10c47b3aa176a18cb0.jpg,https://jp.pinterest.com/pin/46161964927466559/
https://i.pinimg.com/736x/61/cc/e1/61cce1521871a893cf9ce3d41b92d2ad.jpg,https://jp.pinterest.com/pin/211174974985148/
https://i.pinimg.com/736x/7f/1c/01/7f1c015b7ea83513ab3d54a196ea10cd.jpg,https://jp.pinterest.com/pin/459789443228698005/
https://i.pinimg.com/736x/dd/4e/03/dd4e03a34b87cac51f987a11ea2ef8ab.jpg,https://jp.pinterest.com/pin/autumn-23-fashion--18647785950562630/
https://i.pinimg.com/736x/ed/d1/83/edd1834b967971a5fab8136ecbddcdf7.jpg,https://jp.pinterest.com/pin/f-i-t-s-p-o--2322237301320719/
https://i.pinimg.com/736x/a0/43/15/a043159b9f8b18dea8edd33bf85e414a.jpg,https://jp.pinterest.com/pin/pin-de-hihi-en-ootd--140315344634803063/
https://i.pinimg.com/736x/cb/95/7a/cb957a829820f0dc685fa972de1cc062.jpg,https://jp.pinterest.com/pin/leaves-get-colored--3307399717766761/
https://i.pinimg.com/736x/3c/1d/d0/3c1dd088011310742e0505a6113153c6.jpg,https://jp.pinterest.com/pin/23010648092619640/
https://i.pinimg.com/736x/5e/4f/d7/5e4fd7887b6bd9845da87bbc30ad20a2.jpg,https://jp.pinterest.com/pin/95631192082711947/
https://i.pinimg.com/736x/5f/c4/ec/5fc4ecb79d4ea3b6e1724c33681a1d94.jpg,https://jp.pinterest.com/pin/281543723699693/
https://i.pinimg.com/736x/01/ee/a5/01eea5d96b1438b0c55d0d43e7bdd213.jpg,https://jp.pinterest.com/pin/17099673582180446/
https://i.pinimg.com/736x/53/2b/bb/532bbbb61785496507d738428cb76dac.jpg,https://jp.pinterest.com/pin/112801165662591689/
https://i.pinimg.com/736x/08/5b/05/085b058a0cc36a28628ef9408bc9c87a.jpg,https://jp.pinterest.com/pin/1407443629400101/
https://i.pinimg.com/736x/b3/5e/aa/b35eaa5a7eb4857a9ff2605c34ba0012.jpg,https://jp.pinterest.com/pin/281543725799907/
https://i.pinimg.com/736x/db/95/19/db9519ac7a80d71ea2c4bb077dcc3f8f.jpg,https://jp.pinterest.com/pin/fashion-in-2025--985231164613055/
https://i.pinimg.com/736x/27/ab/88/27ab8897a0f63ea2d5dd3b3c1f0eb9f5.jpg,https://jp.pinterest.com/pin/pin-di-su--586593920249355778/
https://i.pinimg.com/736x/0f/ed/c6/0fedc6d98458366d1b931dfc99bcbc14.jpg,https://jp.pinterest.com/pin/322640760825832362/
https://i.pinimg.com/736x/e7/98/d1/e798d103e6674f70011456793dc8d767.jpg,https://jp.pinterest.com/pin/2533343536111275/
https://i.pinimg.com/736x/b3/23/1b/b3231b1b01d38d3eb552f7026539ea00.jpg,https://jp.pinterest.com/pin/40532465390662446/
https://i.pinimg.com/736x/b3/d2/10/b3d210a4ed756fd01e1669e8484c1cff.jpg,https://jp.pinterest.com/pin/lookbook--2322237300016716/
https://i.pinimg.com/736x/5f/d5/22/5fd5223a9f14c99fdf04dda9cafa4fb3.jpg,https://jp.pinterest.com/pin/13229392652351594/
https://i.pinimg.com/736x/f7/59/44/f759444f4f6b7814e3b5aeb0ceea8b96.jpg,https://jp.pinterest.com/pin/ryu--403212972914202626/
https://i.pinimg.com/736x/c1/3d/26/c13d266ac03abfa691a6f9207a7bcfa2.jpg,https://jp.pinterest.com/pin/592927107204339991/
https://i.pinimg.com/736x/7f/2f/ba/7f2fbae1796b98dfdf1103b6fff30c31.jpg,https://jp.pinterest.com/pin/92253492361950911/
https://i.pinimg.com/736x/d2/c1/5c/d2c15c79f58ac26b59eebf5341d6cbea.jpg,https://jp.pinterest.com/pin/31173422418327862/
https://i.pinimg.com/736x/4b/30/eb/4b30eb57b793fda243651763073486cd.jpg,https://jp.pinterest.com/pin/208713763976188439/
https://i.pinimg.com/736x/2f/33/10/2f33108d60c093ab4a85f4d805a5f913.jpg,https://jp.pinterest.com/pin/60306082504400200/
https://i.pinimg.com/736x/6f/eb/9f/6feb9fa9b60c72005b75010d80367685.jpg,https://jp.pinterest.com/pin/atirre--3307399718669367/
https://i.pinimg.com/736x/82/1e/73/821e73ef6766eeabba2c146c104b358b.jpg,https://jp.pinterest.com/pin/outfit-inspo--2744449768757229/
https://i.pinimg.com/736x/51/ff/99/51ff99c21262178da8e57488eefe7542.jpg,https://jp.pinterest.com/pin/11962755256395098/
https://i.pinimg.com/736x/c8/b3/4a/c8b34a3c334cf91e711e2c92892050cd.jpg,https://jp.pinterest.com/pin/46021227438447680/
https://i.pinimg.com/736x/6d/3a/ce/6d3ace0ee03a7d4239354eeb3c22c691.jpg,https://jp.pinterest.com/pin/4574037116749790/
https://i.pinimg.com/736x/4f/0a/70/4f0a700729bb1c9849d1ea2df776f2ea.jpg,https://jp.pinterest.com/pin/back-to-school--1477812370762577/
https://i.pinimg.com/736x/a6/95/a3/a695a3d93ffee0b8bbdd7a3ae3a5c919.jpg,https://jp.pinterest.com/pin/44050902599769142/
https://i.pinimg.com/736x/57/27/71/572771fc23bd1346d89cfea166ed616b.jpg,https://jp.pinterest.com/pin/140806234335293/
https://i.pinimg.com/736x/9f/ac/fe/9facfed51711d36013f3c18e795529a7.jpg,https://jp.pinterest.com/pin/1337074887516453/
https://i.pinimg.com/736x/cd/49/a3/cd49a33cbe66492211faf3dc2f2e4b78.jpg,https://jp.pinterest.com/pin/20125529579252462/
https://i.pinimg.com/736x/2a/62/6e/2a626e2bed7552abcadbac062a071c18.jpg,https://jp.pinterest.com/pin/340373684348392531/
https://i.pinimg.com/736x/d5/22/8b/d5228bcbbd136df7eb44b186f85c9be7.jpg,https://jp.pinterest.com/pin/658721883034792685/
https://i.pinimg.com/736x/02/e4/99/02e4996d364a957773e3664485e21678.jpg,https://jp.pinterest.com/pin/318489004913956665/
https://i.pinimg.com/736x/b1/c8/bb/b1c8bb18742f41903390c876bd8f1f7e.jpg,https://jp.pinterest.com/pin/1125968736303355/
